market,name,n_ev,frac_act,d_dsr_prob,d_dsr_disc,d_pf_prob,d_pf_disc,d_sr_prob,d_sr_disc,turn_ratio_prob,turn_ratio_disc,fixed_dsr,prob_dsr,disc_dsr,fixed_turn,prob_turn,disc_turn,pbo_prob,eff_n
crypto,1000SHIBUSDT,358,0.3128,0.0007,0.0288,0.3167,0.6549,0.9885,1.5467,0.1311,0.1196,0.0041,0.0048,0.0328,224.0,29.3764,26.8,0.0516,3
crypto,AAVEUSDT,267,0.3034,0.0002,0.0015,-0.0182,0.0066,0.0277,0.1018,0.1515,0.1531,0.0049,0.0051,0.0063,162.0,24.5455,24.8,0.5635,4
crypto,ALGOUSDT,222,0.5766,-0.0987,-0.1287,-0.0524,-0.0383,-0.1652,-0.1413,0.1774,0.3828,0.1989,0.1002,0.0702,256.0,45.4158,98.0,0.5437,3
crypto,APEUSDT,315,0.4317,-0.0313,-0.0066,-0.0196,0.0298,-0.0452,0.1665,0.2543,0.25,0.1437,0.1124,0.1371,272.0,69.1702,68.0,0.5794,2
crypto,APTUSDT,375,0.4853,-0.0443,-0.033,-0.0831,-0.0932,-0.323,-0.3562,0.1606,0.161,0.0544,0.0101,0.0214,324.6667,52.1344,52.2667,0.3968,3
crypto,ARBUSDT,249,0.4699,0.0329,0.0594,0.211,0.3544,0.5625,0.7746,0.1324,0.1402,0.1427,0.1756,0.2021,234.0,30.9838,32.8,0.377,3
crypto,ATOMUSDT,363,0.4573,-0.0136,-0.0118,-0.0325,-0.0103,-0.1726,-0.0715,0.2197,0.2183,0.0147,0.0011,0.0029,240.0,52.7186,52.4,0.2817,4
crypto,AVAXUSDT,214,0.8271,0.0092,-0.0484,-0.1366,-0.1381,-0.5018,-0.5038,0.1658,0.1633,0.0972,0.1064,0.0489,354.0,58.7026,57.8,0.6071,3
crypto,BCHUSDT,354,0.7655,0.007,0.0267,-0.0014,0.0082,-0.008,0.0333,0.1934,0.1934,0.0057,0.0128,0.0324,542.0,104.8159,104.8,0.4921,3
crypto,BNBUSDT,217,0.6406,-0.0144,-0.0051,-0.1174,-0.0768,-0.3378,-0.1515,0.1614,0.1623,0.0272,0.0128,0.0221,276.0,44.5508,44.8,0.75,3
crypto,BTCUSDT,222,0.3604,-0.004,-0.0009,0.0701,0.1705,0.2119,0.4067,0.1339,0.1325,0.0049,0.0009,0.004,160.0,21.4184,21.2,0.0278,3
crypto,DOGEUSDT,376,0.4309,-0.0016,-0.0062,-0.0256,-0.1588,-0.1151,0.0887,0.2895,0.0645,0.0092,0.0075,0.003,186.0,53.8383,12.0,0.8373,4
crypto,DOTUSDT,365,0.5342,0.0283,0.0174,-0.0251,0.0219,-0.0761,-0.0556,0.2216,0.1448,0.2398,0.2681,0.2572,326.0,72.2373,47.2,0.5079,3
crypto,ETCUSDT,369,0.5041,0.0005,0.007,-0.1414,-0.1287,-0.5462,-0.486,0.2426,0.2424,0.0009,0.0014,0.0079,370.0,89.7674,89.7,0.1746,4
crypto,ETHUSDT,379,0.5092,-0.025,-0.0063,-0.1155,-0.0796,-0.3961,-0.1729,0.1212,0.1204,0.0764,0.0514,0.0701,442.0,53.5723,53.2,0.9365,3
crypto,HBARUSDT,372,0.4597,-0.0424,-0.0224,-0.0698,0.0321,-0.246,0.1834,0.2535,0.0608,0.0546,0.0122,0.0322,342.0,86.6813,20.8,0.7063,3
crypto,ICPUSDT,233,0.5794,-0.0683,-0.0792,-0.1374,-0.1493,-0.4448,-0.4695,0.1965,0.195,0.1208,0.0525,0.0416,242.0,47.5547,47.2,0.5198,3
crypto,LINKUSDT,363,0.6336,-0.0021,0.002,0.0543,0.1157,0.1941,0.4394,0.2842,0.2712,0.0041,0.002,0.0061,264.0,75.0376,71.6,0.4722,3
crypto,LTCUSDT,262,0.5382,0.0015,0.0055,0.1004,0.1652,0.7114,1.0011,0.2017,0.1943,0.0003,0.0018,0.0058,282.0,56.8871,54.8,0.6389,3
crypto,NEARUSDT,241,0.6349,0.009,0.0053,-0.0102,0.0116,-0.0168,0.0642,0.1324,0.1215,0.0196,0.0286,0.0248,270.0,35.7417,32.8,0.4762,3
crypto,SOLUSDT,239,0.4226,-0.0338,0.0208,0.0859,0.0617,0.1748,0.1593,0.0798,0.1486,0.1158,0.0819,0.1366,315.0,25.1343,46.8,0.2817,3
crypto,SUIUSDT,400,0.475,0.0179,0.0293,-0.066,-0.0573,-0.3997,-0.3538,0.2018,0.2028,0.0187,0.0366,0.048,494.0,99.6653,100.2,0.2103,3
crypto,TRXUSDT,230,0.4826,-0.0023,-0.0022,-0.0589,-0.0348,-0.1747,-0.095,0.2114,0.2054,0.0091,0.0068,0.0069,222.0,46.9238,45.6,0.0556,3
crypto,UNIUSDT,248,0.5444,0.1133,0.1612,0.0517,0.1028,0.1736,0.2695,0.2437,0.2508,0.0861,0.1993,0.2473,252.0,61.4092,63.2,0.004,3
crypto,XLMUSDT,350,0.4857,-0.0201,-0.0171,-0.0021,0.0012,-0.071,-0.0488,0.3256,0.3263,0.027,0.0068,0.0099,339.0,110.3928,110.6,0.127,3
crypto,XRPUSDT,247,0.4656,-0.0036,0.0046,-0.0315,-0.047,-0.1149,-0.1579,0.3138,0.3135,0.0471,0.0435,0.0516,229.0,71.8505,71.8,0.3175,3
crypto,ZECUSDT,254,0.4921,0.0539,0.0285,-0.0005,0.0278,0.0257,0.134,0.1281,0.1262,0.0371,0.091,0.0656,282.0,36.1302,35.6,0.7103,4
equities,SPY,339,0.0059,0.0536,0.245,-0.0198,0.7586,-0.0051,-0.0045,0.021,0.0333,0.337,0.3905,0.582,6.0,0.1262,0.2,0.7024,3
equities,QQQ,330,0.0121,-0.2188,0.1282,10.0154,0.2357,-0.091,-0.1119,0.0045,0.0364,0.4885,0.2697,0.6167,22.0,0.0994,0.8,0.496,4
equities,IWM,374,0.1684,-0.1318,-0.0524,0.077,0.1778,-0.0292,0.0124,0.1416,0.1312,0.3208,0.189,0.2684,109.0,15.4371,14.3,0.2103,3
equities,XLK,336,0.4107,0.0116,0.069,0.056,0.1157,0.0548,0.1015,0.1632,0.1607,0.0931,0.1047,0.162,234.0,38.1842,37.6,0.5516,3
equities,XLF,248,0.5645,-0.0327,0.0363,-0.0049,0.0226,-0.0855,-0.0684,0.1335,0.1287,0.2862,0.2536,0.3225,279.0,37.2361,35.9,0.2738,4
equities,XLE,248,0.5726,-0.2707,-0.271,0.007,0.0077,-0.027,-0.0346,0.1845,0.184,0.5835,0.3127,0.3125,282.0,52.019,51.9,0.4841,4
equities,XLV,350,0.2857,-0.0004,0.0142,-0.0619,-0.0528,-0.0831,-0.0798,0.1039,0.0997,0.0034,0.003,0.0176,196.6667,20.4363,19.6,0.0397,3
forex,AUDUSD,242,0.4091,-0.0008,0.0033,0.3147,0.551,0.598,0.7843,0.1732,0.1538,0.0041,0.0033,0.0074,182.0,31.5279,28.0,0.0,3
forex,EURGBP,378,0.3889,0.1026,0.2088,0.0162,0.1773,-0.0451,0.3315,0.6375,0.079,0.0726,0.1752,0.2814,100.0,63.7461,7.9,0.9603,3
forex,EURUSD,364,0.6703,0.026,-0.0282,-0.1453,-0.1209,-0.742,-0.6664,0.1909,0.1852,0.562,0.588,0.5338,488.0,93.1426,90.4,0.8532,3
forex,GBPUSD,229,0.5328,-0.0314,-0.0263,-0.1128,-0.0851,-0.2002,-0.1226,0.3427,0.3378,0.4994,0.468,0.4731,164.0,56.2035,55.4,0.7778,3
forex,NZDUSD,344,0.5291,-0.0057,-0.0026,-0.103,-0.0826,-0.374,-0.2778,0.1364,0.1308,0.0078,0.0021,0.0052,364.0,49.6349,47.6,0.0794,3
forex,USDCAD,266,0.4962,-0.0577,0.0073,-0.0597,0.1031,-0.1756,0.3786,0.1424,0.123,0.0837,0.026,0.091,244.0,34.7504,30.0,0.6706,4
forex,USDCHF,234,0.3419,-0.0397,-0.0368,0.032,0.0505,0.0808,0.1069,0.1567,0.1575,0.0903,0.0506,0.0535,160.0,25.0788,25.2,0.1825,3
forex,USDJPY,244,0.3156,0.0357,0.1266,0.1861,0.3276,0.0628,0.2014,0.1358,0.1325,0.6508,0.6865,0.7774,154.0,20.9166,20.4,0.5714,3
