market,pair,bar_type,n_bars,skew,exkurt,jb,jb_p,ac1,count_cv
crypto,1000SHIBUSDT,time,1096,1.0380333964510724,10.75857036697579,5477.595591182827,0.0,-0.02269854668634064,0.08245921238769882
crypto,1000SHIBUSDT,tick,1096,-0.11841663208049245,2.498704472715688,287.4198904373276,3.868688806570751e-63,-0.055002900223312154,1.1399720982861705
crypto,1000SHIBUSDT,volume,1096,-0.2870371586487665,2.57731306143699,318.1022421910667,8.413481956557558e-70,-0.03317186167989459,0.7786234016022746
crypto,1000SHIBUSDT,dollar,1096,0.06367690390205437,0.9930563100258984,45.73357961802846,1.172409603251707e-10,-0.0003685308830894175,1.2491227294340603
crypto,AAVEUSDT,time,1095,0.10126565747521497,3.900512311484042,695.374444032421,1.0031319201360165e-151,0.01638088724206099,0.0832282035505413
crypto,AAVEUSDT,tick,1096,-0.033653031425664365,0.6420957811886066,19.0172801107019,7.42078917706943e-05,0.012173980791532622,0.7935604929003227
crypto,AAVEUSDT,volume,1095,-0.11111042310849696,0.48182348984069456,12.833348415087295,0.001634081824599774,-0.020991841536564016,0.6111214450087904
crypto,AAVEUSDT,dollar,1096,-0.22712207970524048,1.5440426850031885,118.18725410708655,2.167523700938709e-26,0.033466908098882434,0.9596639170611037
crypto,ALGOUSDT,time,1096,0.10983956858176083,6.498168299780856,1928.7717892609162,0.0,0.03950142312848556,0.07399871613920202
crypto,ALGOUSDT,tick,1096,-0.22356337236842638,0.8798967859832607,44.44516851782076,2.2328229260394355e-10,-0.023564179284942737,0.9997916331514345
crypto,ALGOUSDT,volume,1095,-0.18070737549571025,0.9534237644683987,47.39014256644533,5.1210768526088085e-11,0.0028364414526169833,0.7419970097989311
crypto,ALGOUSDT,dollar,1095,-0.21711657066063123,1.524919801385483,114.59371128821351,1.3070486815623018e-25,-0.025196731278534047,1.158823049323547
crypto,APEUSDT,time,1021,1.711767756746036,28.815156311263188,35786.437717823566,0.0,0.016010585881007282,0.06694459024520029
crypto,APEUSDT,tick,1021,0.0037113779349887367,0.9216743482086476,36.105394811647976,1.4448179654018665e-08,-0.009980585995344484,1.2106817760353006
crypto,APEUSDT,volume,1021,0.14713185790311437,2.5670196868555726,283.73770130362726,2.4386024621902472e-62,0.024105863268678692,1.156337125383426
crypto,APEUSDT,dollar,1020,-0.2525306504853338,2.931649118043751,375.7415368740466,2.563078790667045e-82,-0.06320590612184325,1.9512405058575863
crypto,APTUSDT,time,805,0.49569997941909555,6.970135360177222,1660.4496373888371,0.0,0.03908443999062044,0.06661665207110602
crypto,APTUSDT,tick,805,0.13087069575946875,2.947695198071224,293.37342048167505,1.971383756780085e-64,-0.02146815169394214,0.8742097635643907
crypto,APTUSDT,volume,805,-0.005215243173767056,1.6459192370827003,90.75682415648554,1.9606769213221986e-20,-0.027672247536334953,1.1165591779259791
crypto,APTUSDT,dollar,805,-0.24120485514435244,2.8602377942284614,281.85825883180985,6.241036970383035e-62,-0.06455542912687286,1.3297245875659707
crypto,ARBUSDT,time,649,-0.006730890534858898,3.3579467038237354,304.451656702297,7.747520676344815e-67,0.04346266039098523,0.08514381751880967
crypto,ARBUSDT,tick,650,-0.1537961955086422,1.6082809427254743,72.50359394437251,1.803202977834171e-16,-0.012470071017644541,0.7048590026764253
crypto,ARBUSDT,volume,649,-0.022928132728062312,1.0842009734121083,31.795052791392333,1.2467862682581805e-07,-0.08410377185484963,0.7649591524880346
crypto,ARBUSDT,dollar,650,-0.26417732515194775,1.3248441582875685,55.01277381166436,1.132734034603046e-12,-0.08482202501867019,1.022070376827666
crypto,ATOMUSDT,time,1096,-0.15631747299392862,2.8494088660695116,374.8947619816569,3.9141439036319744e-82,-0.052983614370108,0.08245921238769882
crypto,ATOMUSDT,tick,1096,-0.093110156688301,0.8936763852306253,38.02093157762866,5.544464530399755e-09,-0.034335553814714134,0.763985005172515
crypto,ATOMUSDT,volume,1095,-0.07574120136970486,0.8220891890437092,31.85261012799915,1.2114168039232808e-07,-0.04756677824024513,0.5423714714873942
crypto,ATOMUSDT,dollar,1096,-0.11675035117230514,0.9442571719722062,43.1678284322471,4.2288780176352874e-10,-0.0011268454536514923,1.1312297331270667
crypto,AVAXUSDT,time,1096,-0.140728737798055,4.655418353771405,992.441312638527,3.1196592073757506e-216,0.007381290980365438,0.08245921238769882
crypto,AVAXUSDT,tick,1096,-0.29055937933301684,0.992439955695847,60.34527102841514,7.873918072932775e-14,0.045428618287805284,0.7317718097992914
crypto,AVAXUSDT,volume,1096,-0.14634309546110372,1.130280315638628,62.19594517137478,3.121203661072303e-14,0.005596038905819659,0.6454266597200654
crypto,AVAXUSDT,dollar,1095,-0.15922957913234148,1.0810636468787962,57.89606830956555,2.67934417603028e-13,0.01720968176923122,0.7803782467117981
crypto,BCHUSDT,time,1096,1.0801879407624986,8.820598259702994,3762.7018533901114,0.0,-0.01183913906130776,0.08245921238769882
crypto,BCHUSDT,tick,1096,0.19655713512904643,3.092601776679736,443.41680889877154,5.1672961898763e-97,0.022124122543576763,1.1037085250502254
crypto,BCHUSDT,volume,1096,-0.12569223723552497,3.968224942647553,721.3314028188963,2.31673343328656e-157,-0.04168040389106017,1.4067666620678163
crypto,BCHUSDT,dollar,1095,-0.24198755926271126,2.6702757788398115,335.70322864786766,1.2675646544769066e-73,-0.0005448809093862964,1.534389649525064
crypto,BNBUSDT,time,1096,-0.36717006057399726,2.9422144641756622,419.5620873571535,7.820784559882391e-92,-0.07076536099699575,0.08245921238769882
crypto,BNBUSDT,tick,1096,-0.2822098791805044,1.9073005081913017,180.5091482054888,6.352380452190223e-40,-0.026345021907753376,0.5473614469299747
crypto,BNBUSDT,volume,1095,-0.22555326887270427,2.019186021039446,195.1244404074079,4.258592876517388e-43,0.027735701114056408,0.5593121703902356
crypto,BNBUSDT,dollar,1096,-0.07250830410374491,4.593668247962267,963.7285616227931,5.3579889959151203e-210,-0.03352990361321003,0.561684158752468
crypto,BTCUSDT,time,1096,0.06666229611842443,3.5632559864012414,580.1021956380729,1.0774788329547994e-126,0.008210397669286709,0.08245921238769882
crypto,BTCUSDT,tick,1096,-0.010602325990887118,0.6622114030743425,20.0281695704981,4.4764963678996594e-05,0.02849306858080111,0.3658904843981828
crypto,BTCUSDT,volume,1096,-0.06119010365645126,0.4986858936843426,12.029694441390083,0.0024422214569467336,0.07124184685799077,0.47328943880094493
crypto,BTCUSDT,dollar,1095,-0.14798036133121223,0.9337872539423726,43.73955063219197,3.177439277802139e-10,-0.022710499602104195,0.40913168000315325
crypto,DOGEUSDT,time,1096,1.356569616008369,12.236315330820437,7167.16451739582,0.0,-0.02252437376062212,0.08245921238769882
crypto,DOGEUSDT,tick,1096,0.059678757408742546,1.7916978777253405,147.11450475086838,1.1336818386499645e-32,-0.0601494474761766,1.20817117612139
crypto,DOGEUSDT,volume,1096,-0.29482356913283986,1.3322817187044507,96.84628610819145,9.334609943116866e-22,0.028420465313676663,0.9131354664947902
crypto,DOGEUSDT,dollar,1096,-0.10494300322540426,1.1261749438360944,59.87469762965702,9.962643889145609e-14,0.00413360902625795,1.5233942449757765
crypto,DOTUSDT,time,1096,0.09192198786349544,5.292379392483099,1279.465444763459,1.4709868037122803e-278,-0.00654367574613012,0.08245921238769882
crypto,DOTUSDT,tick,1096,-0.191778304751245,0.8125600751026685,36.83623564319043,1.0025662094502445e-08,0.02660449820628185,0.6598616338182716
crypto,DOTUSDT,volume,1096,-0.16601652488963392,1.0443863301703136,54.79511184615037,1.262968866783294e-12,0.08773861726375648,0.47036243463758237
crypto,DOTUSDT,dollar,1095,-0.12776595811551628,1.4087425679421477,93.4390953392402,5.128120835751594e-21,-0.048754291572858606,0.6722918634641364
crypto,ETCUSDT,time,1096,1.0213158419533006,7.949172611236579,3073.377078844562,0.0,-0.009407009550642671,0.08245921238769882
crypto,ETCUSDT,tick,1096,-0.0896255406266004,1.3471603141789652,84.2680912142077,5.028245719612604e-19,-0.03287982822952241,0.758773628571126
crypto,ETCUSDT,volume,1095,-0.03706827137015781,1.579785130577446,114.01382127603395,1.7466797268379119e-25,0.025264627637765016,1.0282907665500027
crypto,ETCUSDT,dollar,1096,-0.3021329984287954,2.905595410229882,401.84775753264347,5.493740851281845e-88,-0.006339174348841826,1.328277552706378
crypto,ETHUSDT,time,1096,-0.057834206046524755,3.1931589715257642,465.81498007899194,7.07232617213152e-102,0.019858146457785292,0.08245921238769882
crypto,ETHUSDT,tick,1096,-0.3162459460774208,1.0650343481857965,70.00445213835775,6.291096744609805e-16,0.02932012656444774,0.4335450203861046
crypto,ETHUSDT,volume,1095,-0.26125275992169134,1.9395714571980998,183.92644602890556,1.1504816782214335e-40,0.013112534721784056,0.5640046694031762
crypto,ETHUSDT,dollar,1095,-0.28259949813242136,1.0707030704199454,66.81855573340499,3.094104504886202e-15,0.029624805346588904,0.4439910725925085
crypto,HBARUSDT,time,1095,2.002142562331916,28.837636687069605,38638.42026775831,0.0,-0.09774095472842381,0.08322820355054134
crypto,HBARUSDT,tick,1096,-0.5068928555201779,5.339629714118411,1347.7354421761424,2.202760087339434e-293,-0.07144220094204388,2.045977066274929
crypto,HBARUSDT,volume,1096,-0.1305148363290994,1.4821860075101032,103.34116569579712,3.628699396010875e-23,0.016109988886411446,1.6477509205392031
crypto,HBARUSDT,dollar,1095,-0.25699621312405385,3.6806683037867645,629.5745445897752,1.9481602102563744e-137,-0.03677397474117514,2.648655814280789
crypto,ICPUSDT,time,1096,0.1316842141678363,5.086026191033007,1183.3767813618706,1.0789390730270856e-257,0.0023655275759160398,0.09908130999272217
crypto,ICPUSDT,tick,1096,-0.021658725753451145,1.992920061013069,181.29580893569832,4.2866230362150415e-40,0.00945489634018895,1.0044568564240137
crypto,ICPUSDT,volume,1096,-0.21325112173273986,0.9730645337009207,51.4996179882628,6.561453324561387e-12,-0.03188016782079656,0.8175952060940707
crypto,ICPUSDT,dollar,1096,-0.18400700196141082,1.203721234917567,72.28729728041179,2.0091522113547063e-16,0.0033528929846145003,1.2674130874330627
crypto,LINKUSDT,time,1096,0.003535705130478899,3.4956682565942216,557.5259370282877,8.60559722034079e-122,-0.006042659638743407,0.08245921238769882
crypto,LINKUSDT,tick,1096,-0.04218196133262109,0.7300908937328985,24.644343045512105,4.451935899652466e-06,0.02375508229401559,0.6711986958890053
crypto,LINKUSDT,volume,1095,-0.18092423918640077,1.0404377679506043,55.31287112020624,9.74905784266872e-13,0.01293973136193609,0.6067659337100989
crypto,LINKUSDT,dollar,1095,-0.2728157680829766,0.9654399198423254,56.05783688416113,6.717309933273598e-13,-0.0011386038517510496,0.7339654544188533
crypto,LTCUSDT,time,1095,-0.21749989688667498,3.9038459553748686,703.3161017451774,1.8916857362778665e-153,0.0013358458350558266,0.08322820355054134
crypto,LTCUSDT,tick,1096,-0.3079756179638519,1.673504748700485,145.08814189647973,3.1225564070731245e-32,-0.031255771765679015,0.5710330882989728
crypto,LTCUSDT,volume,1096,-0.22301950523734182,1.8903990649472044,172.1230237025939,4.206881691855907e-38,-0.0038474324940997373,0.5751628728086294
crypto,LTCUSDT,dollar,1096,-0.37732993863276443,2.3702548151564518,282.3101359976588,4.978893944154483e-62,-0.03868770943827054,0.6715941606837784
crypto,NEARUSDT,time,1096,0.1963634734352908,3.7218148832107234,639.0301593857257,1.723312366452276e-139,-0.0436697673482792,0.08560961625039183
crypto,NEARUSDT,tick,1096,-0.0864705323057978,5.618724337961284,1441.7487132758781,0.0,-0.04591508241268708,0.8373880155752584
crypto,NEARUSDT,volume,1096,-0.04195132559432506,0.9410461315293901,40.72521611727047,1.4342725377109795e-09,0.009668263254375297,0.5294350416440031
crypto,NEARUSDT,dollar,1095,-0.04530827898111739,0.631853923547141,18.572962956627094,9.266854361455492e-05,-0.008206597222789828,1.0002266435278249
crypto,SOLUSDT,time,1095,-1.2508928950550924,30.52510102752011,42759.0230424424,0.0,-0.06714828966212837,0.08322820355054134
crypto,SOLUSDT,tick,1096,-0.36682685920473845,4.067238402576377,779.3058425879693,5.968791720253283e-170,0.015541177785561158,0.6577410557560947
crypto,SOLUSDT,volume,1096,-0.3021882475187786,2.73170972500397,357.1300967304786,2.81958268031813e-78,-0.007420141972888434,0.7905269756257953
crypto,SOLUSDT,dollar,1096,-0.05592863266380441,5.8571531187166705,1565.7931833653918,0.0,0.02164811294959695,0.7657250678801694
crypto,SUIUSDT,time,608,0.8725284674251456,4.7245577537767005,641.5653538544527,4.851248487570029e-140,-0.017052752566076763,0.07800914571816582
crypto,SUIUSDT,tick,609,-0.06300448380097791,2.694668532485604,184.35362458373382,9.292210986368894e-41,-0.035696206864347726,0.7854341090400712
crypto,SUIUSDT,volume,608,-0.13182347079894216,2.4935910515335165,159.02150698149507,2.943869180900979e-35,-0.025681744951257343,0.5870575320979465
crypto,SUIUSDT,dollar,609,-0.06742216645210956,2.8302283419988967,203.38551170324521,6.845375625362054e-45,-0.040846389558605256,0.9189270255673382
crypto,TRXUSDT,time,1095,3.4707145617319113,66.43239250423156,203367.5898354548,0.0,-0.02793953891157906,0.08322820355054134
crypto,TRXUSDT,tick,1096,-0.15030396511430616,2.565227570013489,304.3533161238598,8.137989575974517e-67,9.64309095207773e-05,1.1795242509165182
crypto,TRXUSDT,volume,1096,0.2811728118951723,3.3195236123440512,517.1808011162044,4.9615339161995723e-113,0.03577147465379612,1.6913668981958965
crypto,TRXUSDT,dollar,1095,0.0557370632520233,1.567551268993463,112.57458113384686,3.5870737472454196e-25,-0.023661577952982172,1.6283063718924333
crypto,UNIUSDT,time,1095,0.5679539771344954,6.053674283780815,1729.3067325358634,0.0,-0.04023311157298022,0.0832282035505413
crypto,UNIUSDT,tick,1096,0.02822583032782001,1.2305058179398385,69.22824320758978,9.274232763076574e-16,0.06550750338760207,0.8521176379557205
crypto,UNIUSDT,volume,1096,-0.08992730212805486,1.0541799977916595,52.178718555236614,4.672348510486339e-12,0.050372349790996425,0.6559387162986152
crypto,UNIUSDT,dollar,1096,0.04308193198341916,0.7763004042429178,27.834285389339488,9.033618042028203e-07,0.03314198947059968,0.9782432174162837
crypto,XLMUSDT,time,1096,2.5787997819307305,25.22897040158414,30254.018748322585,0.0,-0.006191578752330974,0.08404917638543213
crypto,XLMUSDT,tick,1096,0.08541550324605002,1.00594648302296,47.50071490151984,4.845636320282373e-11,-0.01892012111622848,1.9351218744974934
crypto,XLMUSDT,volume,1096,0.11434746377972954,0.577387754078611,17.5965582230937,0.00015099269322676765,0.054381607475032935,1.3990783009125924
crypto,XLMUSDT,dollar,1096,-0.08214176229035441,1.9192255511098901,169.28772053197855,1.736355149969955e-37,-0.015102382122812117,2.5838321614223636
crypto,XRPUSDT,time,1095,1.8072113239654155,19.622357713346034,18146.76936664059,0.0,-0.029199705144728853,0.08322820355054134
crypto,XRPUSDT,tick,1096,-0.025295970787662346,2.059525629964985,193.64186977972318,8.93721579972508e-43,-0.011199277749288963,1.1455803022535278
crypto,XRPUSDT,volume,1096,0.11136830232878012,2.22530157771759,228.19702849988408,2.8031405111216934e-50,-0.006060219098088917,0.7357134468173356
crypto,XRPUSDT,dollar,1096,-0.1449534555503656,1.7052661402585523,136.5090248211172,2.277413522941644e-30,0.03136990130576552,1.334994577665817
crypto,ZECUSDT,time,1095,0.12179843499884316,3.0998200811824974,440.7098760011574,2.000167499593101e-96,-0.001174660387613046,0.08322820355054134
crypto,ZECUSDT,tick,1096,-0.0221885057005232,1.558372736339316,110.89133001811254,8.322496881791455e-25,-0.035027279118151844,0.6560390775398918
crypto,ZECUSDT,volume,1096,-0.26456158561232745,2.618005052911087,325.4851815498887,2.097929335638196e-71,-0.0023708368396257217,0.5387934722462585
crypto,ZECUSDT,dollar,1096,-0.2145631803604884,1.8771254462202416,169.1660652030384,1.8452519736665495e-37,-0.022979903766327567,0.9503773443725292
equity,IWM,time,7080,-0.09265327018676082,6.895171217474003,14033.446361302194,0.0,0.0017566846837988432,0.256199707920833
equity,IWM,tick,7080,-0.0345644046418763,3.1495081398478906,2927.219685482992,0.0,-0.0004863276538231536,0.5669237415297533
equity,IWM,volume,7080,-0.034319655409422285,2.8649823923200683,2422.4442601940063,0.0,-0.004542779606462542,0.582188870850138
equity,IWM,dollar,7079,0.12445418777297464,5.2439700149978385,8128.250420054472,0.0,0.0013691286991178047,0.47990093958452756
equity,QQQ,time,7085,-0.33530145970494846,5.400629692805268,8741.806344420032,0.0,-0.0175118966572502,0.24967437121409414
equity,QQQ,tick,7080,-0.09130570126451794,3.0161029703042512,2693.0356692823066,0.0,-0.005037281990616384,0.9733003433306251
equity,QQQ,volume,7080,-0.08067508132528958,2.2392983375400997,1486.7348007967014,0.0,-0.016917741096114238,0.8082784305934873
equity,QQQ,dollar,7080,-0.12903816880308647,4.608790081945276,6284.839263004483,0.0,0.012272361631517834,0.9601927222164979
equity,SPY,time,7083,-0.34839399776558444,10.74844649067541,34233.979449343315,0.0,-0.01807116186844262,0.17093138444766792
equity,SPY,tick,7080,-0.30481908703162136,7.347582650692123,16033.530763151646,0.0,-0.02436493225773121,0.6426867076160898
equity,SPY,volume,7079,-0.10196894263511498,3.991752753617286,4711.494501857017,0.0,-0.01350397463056478,0.6939254117027299
equity,SPY,dollar,7079,-0.11648670890257971,5.9880270414543375,10590.67705442615,0.0,0.011996857281891371,0.4680875990613273
equity,UVXY,time,5340,12.427851566285058,225.8913803609269,11488798.714752268,0.0,0.002521788225598003,0.23236830128051186
equity,UVXY,tick,5345,12.347895646267181,224.07963254106022,11316268.212212354,0.0,-0.010012942628149614,0.7713386753826461
equity,UVXY,volume,5345,12.966861976927477,242.66808112799345,13262105.855051128,0.0,-0.028791421039704595,0.8776261240983478
equity,UVXY,dollar,5345,12.346127745212412,223.54662142025106,11263103.339660598,0.0,-0.0247371788485907,0.7718177029677095
equity,VXX,time,6316,15.762188721629768,358.54553566094614,34087498.40253696,0.0,0.014354300900791938,0.2079898660279338
equity,VXX,tick,6322,15.234003304984446,348.13820681590875,32165596.445505466,0.0,0.008811635839765472,0.7405217534845555
equity,VXX,volume,6322,15.635597749794776,359.50505021013436,34297158.356268495,0.0,0.013823866126634334,0.7583196461297977
equity,VXX,dollar,6321,15.32512012331111,349.9884630925367,32503591.86826358,0.0,-0.0004704642559131166,0.7882453854695143
equity,XLE,time,7088,-8.555206132665083,333.3508380030141,32900082.685860902,0.0,0.012128516657581396,0.24072622930143867
equity,XLE,tick,7080,-8.900186489452077,341.4061140715281,34473251.66989795,0.0,0.00602046451357719,0.5972668927311
equity,XLE,volume,7080,-8.786912240411832,342.59682201909186,34711116.02794339,0.0,0.005060449438004692,0.5607590001404875
equity,XLE,dollar,7047,-8.894353425702315,339.27145733767435,33885846.28090308,0.0,0.010747112776172947,0.501180329133329
equity,XLF,time,7083,-0.30295313028494025,18.312469875166265,99063.51036062403,0.0,0.03571358826821176,0.21071730831533908
equity,XLF,tick,7080,-0.31128146625502673,11.511182010228964,39198.45699655033,0.0,-0.009009110072283274,0.761854592796299
equity,XLF,volume,7080,-0.21889890352161637,12.900366335869933,49143.33783331362,0.0,-0.00942477538784525,0.7689024152590407
equity,XLF,dollar,7079,-0.2038803265685556,13.945748635009092,57405.58040581415,0.0,0.0458478275616981,0.584480200797062
equity,XLK,time,7088,-17.240573952999735,855.4594224508139,216448724.6415991,0.0,0.0007669198858455636,0.21591044662185532
equity,XLK,tick,7080,-16.63722113723145,807.2697365428958,192546327.0831117,0.0,-0.014288317037482505,1.1236306775595688
equity,XLK,volume,7068,-16.28249885722539,789.3462430210737,183779681.9647239,0.0,-0.01620848590459825,0.5634018804814022
equity,XLK,dollar,7076,-16.880997869184338,828.4776681569305,202673727.78588343,0.0,-0.019649122890479494,0.9263430619078727
equity,XLV,time,7080,-0.2449436913159983,9.88023181054047,28864.31877482006,0.0,-0.020896792247772963,0.16999544900943583
equity,XLV,tick,7080,0.040943693514134655,19.46763456182514,111787.88130898491,0.0,-0.04531975075502066,0.8292882087691392
equity,XLV,volume,7073,-0.2972687681871548,9.992980537518589,29529.47041878629,0.0,0.001201904864034626,0.5199999474366562
equity,XLV,dollar,7076,-0.6211328171390383,34.42196914621161,349745.3093936513,0.0,-0.0881167813686634,0.765400067890637
