pair,bar_type,n_bars,n,skew,exkurt,jb,jb_p,ac1,lb_p,count_cv
1000SHIBUSDT,time,1096,1095,1.0380333964510724,10.75857036697579,5477.595591182827,0.0,-0.02269854668634064,0.0009486572758652598,0.08245921238769882
1000SHIBUSDT,tick,1096,1095,-0.11841663208049245,2.498704472715688,287.4198904373276,3.868688806570751e-63,-0.055002900223312154,0.6589385212031383,1.1399720982861705
1000SHIBUSDT,volume,1096,1095,-0.2870371586487665,2.57731306143699,318.1022421910667,8.413481956557558e-70,-0.03317186167989459,0.8138826317684857,0.7786234016022746
1000SHIBUSDT,dollar,1096,1095,0.06367690390205437,0.9930563100258984,45.73357961802846,1.172409603251707e-10,-0.0003685308830894175,0.7759013419552211,1.2491227294340603
AAVEUSDT,time,1095,1094,0.10126565747521497,3.900512311484042,695.374444032421,1.0031319201360165e-151,0.01638088724206099,0.14060754730781175,0.0832282035505413
AAVEUSDT,tick,1096,1095,-0.033653031425664365,0.6420957811886066,19.0172801107019,7.42078917706943e-05,0.012173980791532622,0.005417152466242501,0.7935604929003227
AAVEUSDT,volume,1095,1094,-0.11111042310849696,0.48182348984069456,12.833348415087295,0.001634081824599774,-0.020991841536564016,0.04766059413906385,0.6111214450087904
AAVEUSDT,dollar,1096,1095,-0.22712207970524048,1.5440426850031885,118.18725410708655,2.167523700938709e-26,0.033466908098882434,0.009596913635414083,0.9596639170611037
ALGOUSDT,time,1096,1095,0.10983956858176083,6.498168299780856,1928.7717892609162,0.0,0.03950142312848556,0.694753524504246,0.07399871613920202
ALGOUSDT,tick,1096,1095,-0.22356337236842638,0.8798967859832607,44.44516851782076,2.2328229260394355e-10,-0.023564179284942737,0.7600999690145075,0.9997916331514345
ALGOUSDT,volume,1095,1094,-0.18070737549571025,0.9534237644683987,47.39014256644533,5.1210768526088085e-11,0.0028364414526169833,0.9740700625270279,0.7419970097989311
ALGOUSDT,dollar,1095,1094,-0.21711657066063123,1.524919801385483,114.59371128821351,1.3070486815623018e-25,-0.025196731278534047,0.9439463335128799,1.158823049323547
APEUSDT,time,1021,1020,1.711767756746036,28.815156311263188,35786.437717823566,0.0,0.016010585881007282,0.36716733604639884,0.06694459024520029
APEUSDT,tick,1021,1020,0.0037113779349887367,0.9216743482086476,36.105394811647976,1.4448179654018665e-08,-0.009980585995344484,0.9330942959604411,1.2106817760353006
APEUSDT,volume,1021,1020,0.14713185790311437,2.5670196868555726,283.73770130362726,2.4386024621902472e-62,0.024105863268678692,0.8750391314232246,1.156337125383426
APEUSDT,dollar,1020,1019,-0.2525306504853338,2.931649118043751,375.7415368740466,2.563078790667045e-82,-0.06320590612184325,0.0016888456214884547,1.9512405058575863
APTUSDT,time,805,804,0.49569997941909555,6.970135360177222,1660.4496373888371,0.0,0.03908443999062044,0.1703101614447655,0.06661665207110602
APTUSDT,tick,805,804,0.13087069575946875,2.947695198071224,293.37342048167505,1.971383756780085e-64,-0.02146815169394214,0.6955387850343837,0.8742097635643907
APTUSDT,volume,805,804,-0.005215243173767056,1.6459192370827003,90.75682415648554,1.9606769213221986e-20,-0.027672247536334953,0.29595791133071087,1.1165591779259791
APTUSDT,dollar,805,804,-0.24120485514435244,2.8602377942284614,281.85825883180985,6.241036970383035e-62,-0.06455542912687286,0.027325593867501427,1.3297245875659707
ARBUSDT,time,649,648,-0.006730890534858898,3.3579467038237354,304.451656702297,7.747520676344815e-67,0.04346266039098523,0.6101054300960892,0.08514381751880967
ARBUSDT,tick,650,649,-0.1537961955086422,1.6082809427254743,72.50359394437251,1.803202977834171e-16,-0.012470071017644541,0.20112810552130678,0.7048590026764253
ARBUSDT,volume,649,648,-0.022928132728062312,1.0842009734121083,31.795052791392333,1.2467862682581805e-07,-0.08410377185484963,0.5245303829497455,0.7649591524880346
ARBUSDT,dollar,650,649,-0.26417732515194775,1.3248441582875685,55.01277381166436,1.132734034603046e-12,-0.08482202501867019,0.020898495746024755,1.022070376827666
ATOMUSDT,time,1096,1095,-0.15631747299392862,2.8494088660695116,374.8947619816569,3.9141439036319744e-82,-0.052983614370108,0.14460254452227425,0.08245921238769882
ATOMUSDT,tick,1096,1095,-0.093110156688301,0.8936763852306253,38.02093157762866,5.544464530399755e-09,-0.034335553814714134,0.32349942072134097,0.763985005172515
ATOMUSDT,volume,1095,1094,-0.07574120136970486,0.8220891890437092,31.85261012799915,1.2114168039232808e-07,-0.04756677824024513,0.07660458503721904,0.5423714714873942
ATOMUSDT,dollar,1096,1095,-0.11675035117230514,0.9442571719722062,43.1678284322471,4.2288780176352874e-10,-0.0011268454536514923,0.7906426921252825,1.1312297331270667
AVAXUSDT,time,1096,1095,-0.140728737798055,4.655418353771405,992.441312638527,3.1196592073757506e-216,0.007381290980365438,0.48950909443279433,0.08245921238769882
AVAXUSDT,tick,1096,1095,-0.29055937933301684,0.992439955695847,60.34527102841514,7.873918072932775e-14,0.045428618287805284,0.32265315079330215,0.7317718097992914
AVAXUSDT,volume,1096,1095,-0.14634309546110372,1.130280315638628,62.19594517137478,3.121203661072303e-14,0.005596038905819659,0.8565120590268454,0.6454266597200654
AVAXUSDT,dollar,1095,1094,-0.15922957913234148,1.0810636468787962,57.89606830956555,2.67934417603028e-13,0.01720968176923122,0.8781225550586395,0.7803782467117981
BCHUSDT,time,1096,1095,1.0801879407624986,8.820598259702994,3762.7018533901114,0.0,-0.01183913906130776,0.012927450465216183,0.08245921238769882
BCHUSDT,tick,1096,1095,0.19655713512904643,3.092601776679736,443.41680889877154,5.1672961898763e-97,0.022124122543576763,0.9698457005198323,1.1037085250502254
BCHUSDT,volume,1096,1095,-0.12569223723552497,3.968224942647553,721.3314028188963,2.31673343328656e-157,-0.04168040389106017,0.6795746077438097,1.4067666620678163
BCHUSDT,dollar,1095,1094,-0.24198755926271126,2.6702757788398115,335.70322864786766,1.2675646544769066e-73,-0.0005448809093862964,0.42384206416336234,1.534389649525064
BNBUSDT,time,1096,1095,-0.36717006057399726,2.9422144641756622,419.5620873571535,7.820784559882391e-92,-0.07076536099699575,0.013796497289189023,0.08245921238769882
BNBUSDT,tick,1096,1095,-0.2822098791805044,1.9073005081913017,180.5091482054888,6.352380452190223e-40,-0.026345021907753376,0.7969583707172346,0.5473614469299747
BNBUSDT,volume,1095,1094,-0.22555326887270427,2.019186021039446,195.1244404074079,4.258592876517388e-43,0.027735701114056408,0.3566936989855276,0.5593121703902356
BNBUSDT,dollar,1096,1095,-0.07250830410374491,4.593668247962267,963.7285616227931,5.3579889959151203e-210,-0.03352990361321003,0.21395159596577812,0.561684158752468
BTCUSDT,time,1096,1095,0.06666229611842443,3.5632559864012414,580.1021956380729,1.0774788329547994e-126,0.008210397669286709,0.23175111703922782,0.08245921238769882
BTCUSDT,tick,1096,1095,-0.010602325990887118,0.6622114030743425,20.0281695704981,4.4764963678996594e-05,0.02849306858080111,0.7486738327918738,0.3658904843981828
BTCUSDT,volume,1096,1095,-0.06119010365645126,0.4986858936843426,12.029694441390083,0.0024422214569467336,0.07124184685799077,0.03926082084398571,0.47328943880094493
BTCUSDT,dollar,1095,1094,-0.14798036133121223,0.9337872539423726,43.73955063219197,3.177439277802139e-10,-0.022710499602104195,0.47387196393492004,0.40913168000315325
DOGEUSDT,time,1096,1095,1.356569616008369,12.236315330820437,7167.16451739582,0.0,-0.02252437376062212,0.007811318073709209,0.08245921238769882
DOGEUSDT,tick,1096,1095,0.059678757408742546,1.7916978777253405,147.11450475086838,1.1336818386499645e-32,-0.0601494474761766,0.18512023703270913,1.20817117612139
DOGEUSDT,volume,1096,1095,-0.29482356913283986,1.3322817187044507,96.84628610819145,9.334609943116866e-22,0.028420465313676663,0.36932567774870023,0.9131354664947902
DOGEUSDT,dollar,1096,1095,-0.10494300322540426,1.1261749438360944,59.87469762965702,9.962643889145609e-14,0.00413360902625795,0.44679326730256774,1.5233942449757765
DOTUSDT,time,1096,1095,0.09192198786349544,5.292379392483099,1279.465444763459,1.4709868037122803e-278,-0.00654367574613012,0.5135765964691713,0.08245921238769882
DOTUSDT,tick,1096,1095,-0.191778304751245,0.8125600751026685,36.83623564319043,1.0025662094502445e-08,0.02660449820628185,0.6114594177335559,0.6598616338182716
DOTUSDT,volume,1096,1095,-0.16601652488963392,1.0443863301703136,54.79511184615037,1.262968866783294e-12,0.08773861726375648,0.08048503470790708,0.47036243463758237
DOTUSDT,dollar,1095,1094,-0.12776595811551628,1.4087425679421477,93.4390953392402,5.128120835751594e-21,-0.048754291572858606,0.4055773713557842,0.6722918634641364
ETCUSDT,time,1096,1095,1.0213158419533006,7.949172611236579,3073.377078844562,0.0,-0.009407009550642671,5.723319317128763e-06,0.08245921238769882
ETCUSDT,tick,1096,1095,-0.0896255406266004,1.3471603141789652,84.2680912142077,5.028245719612604e-19,-0.03287982822952241,0.4002162824856498,0.758773628571126
ETCUSDT,volume,1095,1094,-0.03706827137015781,1.579785130577446,114.01382127603395,1.7466797268379119e-25,0.025264627637765016,0.7441023696194785,1.0282907665500027
ETCUSDT,dollar,1096,1095,-0.3021329984287954,2.905595410229882,401.84775753264347,5.493740851281845e-88,-0.006339174348841826,0.25466954886863746,1.328277552706378
ETHUSDT,time,1096,1095,-0.057834206046524755,3.1931589715257642,465.81498007899194,7.07232617213152e-102,0.019858146457785292,0.07234336190886981,0.08245921238769882
ETHUSDT,tick,1096,1095,-0.3162459460774208,1.0650343481857965,70.00445213835775,6.291096744609805e-16,0.02932012656444774,0.8949679875962723,0.4335450203861046
ETHUSDT,volume,1095,1094,-0.26125275992169134,1.9395714571980998,183.92644602890556,1.1504816782214335e-40,0.013112534721784056,0.015678668131654094,0.5640046694031762
ETHUSDT,dollar,1095,1094,-0.28259949813242136,1.0707030704199454,66.81855573340499,3.094104504886202e-15,0.029624805346588904,0.5549892774216163,0.4439910725925085
HBARUSDT,time,1095,1094,2.002142562331916,28.837636687069605,38638.42026775831,0.0,-0.09774095472842381,0.004300816161660476,0.08322820355054134
HBARUSDT,tick,1096,1095,-0.5068928555201779,5.339629714118411,1347.7354421761424,2.202760087339434e-293,-0.07144220094204388,0.0477178831117259,2.045977066274929
HBARUSDT,volume,1096,1095,-0.1305148363290994,1.4821860075101032,103.34116569579712,3.628699396010875e-23,0.016109988886411446,0.1108905681599109,1.6477509205392031
HBARUSDT,dollar,1095,1094,-0.25699621312405385,3.6806683037867645,629.5745445897752,1.9481602102563744e-137,-0.03677397474117514,0.002293845508707978,2.648655814280789
ICPUSDT,time,1096,1095,0.1316842141678363,5.086026191033007,1183.3767813618706,1.0789390730270856e-257,0.0023655275759160398,0.6335520360729486,0.09908130999272217
ICPUSDT,tick,1096,1095,-0.021658725753451145,1.992920061013069,181.29580893569832,4.2866230362150415e-40,0.00945489634018895,0.24789441842928078,1.0044568564240137
ICPUSDT,volume,1096,1095,-0.21325112173273986,0.9730645337009207,51.4996179882628,6.561453324561387e-12,-0.03188016782079656,0.3339466226992834,0.8175952060940707
ICPUSDT,dollar,1096,1095,-0.18400700196141082,1.203721234917567,72.28729728041179,2.0091522113547063e-16,0.0033528929846145003,0.12588444269082802,1.2674130874330627
LINKUSDT,time,1096,1095,0.003535705130478899,3.4956682565942216,557.5259370282877,8.60559722034079e-122,-0.006042659638743407,0.016192304647020882,0.08245921238769882
LINKUSDT,tick,1096,1095,-0.04218196133262109,0.7300908937328985,24.644343045512105,4.451935899652466e-06,0.02375508229401559,0.6572249033716894,0.6711986958890053
LINKUSDT,volume,1095,1094,-0.18092423918640077,1.0404377679506043,55.31287112020624,9.74905784266872e-13,0.01293973136193609,0.25445411894027553,0.6067659337100989
LINKUSDT,dollar,1095,1094,-0.2728157680829766,0.9654399198423254,56.05783688416113,6.717309933273598e-13,-0.0011386038517510496,0.9948949957627026,0.7339654544188533
LTCUSDT,time,1095,1094,-0.21749989688667498,3.9038459553748686,703.3161017451774,1.8916857362778665e-153,0.0013358458350558266,0.18476459622105523,0.08322820355054134
LTCUSDT,tick,1096,1095,-0.3079756179638519,1.673504748700485,145.08814189647973,3.1225564070731245e-32,-0.031255771765679015,0.5970113553294929,0.5710330882989728
LTCUSDT,volume,1096,1095,-0.22301950523734182,1.8903990649472044,172.1230237025939,4.206881691855907e-38,-0.0038474324940997373,0.2857136380766032,0.5751628728086294
LTCUSDT,dollar,1096,1095,-0.37732993863276443,2.3702548151564518,282.3101359976588,4.978893944154483e-62,-0.03868770943827054,0.005775209162526108,0.6715941606837784
NEARUSDT,time,1096,1095,0.1963634734352908,3.7218148832107234,639.0301593857257,1.723312366452276e-139,-0.0436697673482792,0.03660941076379708,0.08560961625039183
NEARUSDT,tick,1096,1095,-0.0864705323057978,5.618724337961284,1441.7487132758781,0.0,-0.04591508241268708,0.17864881115889023,0.8373880155752584
NEARUSDT,volume,1096,1095,-0.04195132559432506,0.9410461315293901,40.72521611727047,1.4342725377109795e-09,0.009668263254375297,0.2563049311889415,0.5294350416440031
NEARUSDT,dollar,1095,1094,-0.04530827898111739,0.631853923547141,18.572962956627094,9.266854361455492e-05,-0.008206597222789828,0.1725944459377421,1.0002266435278249
SOLUSDT,time,1095,1094,-1.2508928950550924,30.52510102752011,42759.0230424424,0.0,-0.06714828966212837,0.3467553431434782,0.08322820355054134
SOLUSDT,tick,1096,1095,-0.36682685920473845,4.067238402576377,779.3058425879693,5.968791720253283e-170,0.015541177785561158,0.017596008826100018,0.6577410557560947
SOLUSDT,volume,1096,1095,-0.3021882475187786,2.73170972500397,357.1300967304786,2.81958268031813e-78,-0.007420141972888434,0.15335022169211465,0.7905269756257953
SOLUSDT,dollar,1096,1095,-0.05592863266380441,5.8571531187166705,1565.7931833653918,0.0,0.02164811294959695,0.0010484330781653358,0.7657250678801694
SUIUSDT,time,608,607,0.8725284674251456,4.7245577537767005,641.5653538544527,4.851248487570029e-140,-0.017052752566076763,0.6966161269440972,0.07800914571816582
SUIUSDT,tick,609,608,-0.06300448380097791,2.694668532485604,184.35362458373382,9.292210986368894e-41,-0.035696206864347726,0.2964714939590392,0.7854341090400712
SUIUSDT,volume,608,607,-0.13182347079894216,2.4935910515335165,159.02150698149507,2.943869180900979e-35,-0.025681744951257343,0.22073842280407374,0.5870575320979465
SUIUSDT,dollar,609,608,-0.06742216645210956,2.8302283419988967,203.38551170324521,6.845375625362054e-45,-0.040846389558605256,0.006972035591663006,0.9189270255673382
TRXUSDT,time,1095,1094,3.4707145617319113,66.43239250423156,203367.5898354548,0.0,-0.02793953891157906,0.41880790083110553,0.08322820355054134
TRXUSDT,tick,1096,1095,-0.15030396511430616,2.565227570013489,304.3533161238598,8.137989575974517e-67,9.64309095207773e-05,0.7677035649372048,1.1795242509165182
TRXUSDT,volume,1096,1095,0.2811728118951723,3.3195236123440512,517.1808011162044,4.9615339161995723e-113,0.03577147465379612,0.08811369933291237,1.6913668981958965
TRXUSDT,dollar,1095,1094,0.0557370632520233,1.567551268993463,112.57458113384686,3.5870737472454196e-25,-0.023661577952982172,0.5163641053990751,1.6283063718924333
UNIUSDT,time,1095,1094,0.5679539771344954,6.053674283780815,1729.3067325358634,0.0,-0.04023311157298022,0.5106197449175545,0.0832282035505413
UNIUSDT,tick,1096,1095,0.02822583032782001,1.2305058179398385,69.22824320758978,9.274232763076574e-16,0.06550750338760207,0.14680404870657998,0.8521176379557205
UNIUSDT,volume,1096,1095,-0.08992730212805486,1.0541799977916595,52.178718555236614,4.672348510486339e-12,0.050372349790996425,0.3870085318939467,0.6559387162986152
UNIUSDT,dollar,1096,1095,0.04308193198341916,0.7763004042429178,27.834285389339488,9.033618042028203e-07,0.03314198947059968,0.19533376406230624,0.9782432174162837
XLMUSDT,time,1096,1095,2.5787997819307305,25.22897040158414,30254.018748322585,0.0,-0.006191578752330974,0.00011757366273819128,0.08404917638543213
XLMUSDT,tick,1096,1095,0.08541550324605002,1.00594648302296,47.50071490151984,4.845636320282373e-11,-0.01892012111622848,0.6993725515314536,1.9351218744974934
XLMUSDT,volume,1096,1095,0.11434746377972954,0.577387754078611,17.5965582230937,0.00015099269322676765,0.054381607475032935,0.04402705074382714,1.3990783009125924
XLMUSDT,dollar,1096,1095,-0.08214176229035441,1.9192255511098901,169.28772053197855,1.736355149969955e-37,-0.015102382122812117,0.1909545693251279,2.5838321614223636
XRPUSDT,time,1095,1094,1.8072113239654155,19.622357713346034,18146.76936664059,0.0,-0.029199705144728853,0.45499540406393324,0.08322820355054134
XRPUSDT,tick,1096,1095,-0.025295970787662346,2.059525629964985,193.64186977972318,8.93721579972508e-43,-0.011199277749288963,0.40847005865130304,1.1455803022535278
XRPUSDT,volume,1096,1095,0.11136830232878012,2.22530157771759,228.19702849988408,2.8031405111216934e-50,-0.006060219098088917,0.3614358622556817,0.7357134468173356
XRPUSDT,dollar,1096,1095,-0.1449534555503656,1.7052661402585523,136.5090248211172,2.277413522941644e-30,0.03136990130576552,0.909286584338848,1.334994577665817
ZECUSDT,time,1095,1094,0.12179843499884316,3.0998200811824974,440.7098760011574,2.000167499593101e-96,-0.001174660387613046,0.09305497754037925,0.08322820355054134
ZECUSDT,tick,1096,1095,-0.0221885057005232,1.558372736339316,110.89133001811254,8.322496881791455e-25,-0.035027279118151844,0.9069347882165708,0.6560390775398918
ZECUSDT,volume,1096,1095,-0.26456158561232745,2.618005052911087,325.4851815498887,2.097929335638196e-71,-0.0023708368396257217,0.4508827901871346,0.5387934722462585
ZECUSDT,dollar,1096,1095,-0.2145631803604884,1.8771254462202416,169.1660652030384,1.8452519736665495e-37,-0.022979903766327567,0.4730063790168524,0.9503773443725292
