asset,market,n_windows,n_strats,sis_oos_sharpe_ann,asm_oos_sharpe_ann,asm_rlx_oos_sharpe_ann,sis_is_sharpe_ann,sis_oos_hit,asm_oos_hit,sis_maxdd,asm_maxdd,asm_rlx_maxdd,deploy_rate,deploy_rate_relaxed,median_survivors
AAVE_30m_17W,crypto,24,50718,-0.5595847660689618,0.0,0.0,3.128035542208448,0.375,0.0,-60.37943487716372,0.0,0.0,0.0,0.0,0.0
ALGO_30m_6W_1MetaW,crypto,5,50718,-1.5648363049807337,0.0,0.0,3.0871059406520422,0.2,0.0,-29.85576441469946,0.0,0.0,0.0,0.0,0.0
APE_30m_12W,crypto,15,50718,-0.6700317677764671,0.0,0.0,2.8992095522682906,0.4,0.0,-50.401096112170265,0.0,0.0,0.0,0.0,0.0
ARB_30m_6W_1MetaW,crypto,5,50718,-0.6302954860804104,0.0,0.0,3.280026766721634,0.6,0.0,-36.16093853859738,0.0,0.0,0.0,0.0,0.0
ATOM_30m_6W_1MetaW,crypto,5,50718,0.906006742815563,0.0,0.0,3.0860948117100007,0.6,0.0,-12.693451127161362,0.0,0.0,0.0,0.0,0.0
AUDUSD_fx,fx,10,6296,-0.9352133068453514,0.0,0.0,0.5040508412869041,0.0,0.0,-45.464489930589245,0.0,0.0,0.0,0.0,0.0
AVAX_30m_17W,crypto,24,50718,-0.9465882940895773,0.0,0.0,3.1730134430150447,0.2916666666666667,0.0,-90.4158623216952,0.0,0.0,0.0,0.0,0.0
BCH_30m_20W,crypto,29,50718,-0.7400951702376897,0.0,0.0,2.9664756127751684,0.3793103448275862,0.0,-115.47021987159377,0.0,0.0,0.0,0.0,0.0
BNB_15m_30W,crypto,20,33726,-0.7965616515170905,0.0,0.0,2.697988057551713,0.2,0.0,-71.42147223938471,0.0,0.0,0.0,0.0,0.0
BTC_30m_27W,crypto,40,30036,-0.9744344463016988,0.0,0.0,2.869997430307074,0.225,0.0,-159.2970427509177,0.0,0.0,0.0,0.0,0.0
DOGE_30m_21W,crypto,30,32406,-0.120920767911436,0.0,0.0,3.2636086597123137,0.4666666666666667,0.0,-60.45760821491403,0.0,0.0,0.0,0.0,0.0
DOT_30m_6W_1MetaW,crypto,5,50718,0.8323053565948259,0.0,0.0,3.216504020956409,0.6,0.0,-9.422599446003485,0.0,0.0,0.0,0.0,0.0
ETC_30m_6W_1MetaW,crypto,5,50697,-1.1429282789539417,0.0,0.0,3.344718891696342,0.4,0.0,-36.59409157502791,0.0,0.0,0.0,0.0,0.0
ETH_30m_28W,crypto,42,48968,-0.5418591882397922,0.0,0.0,3.1750281097533106,0.35714285714285715,0.0,-138.48825544971132,0.0,0.0,0.0,0.0,0.0
EURGBP_fx,fx,10,6248,-0.9529722236025431,0.0,0.0,1.0256320496746454,0.6,0.0,-49.961155005361434,0.0,0.0,0.0,0.0,0.0
EURUSD_fx,fx,10,6296,0.03895117123902097,0.0,0.0,1.4324941796057133,0.5,0.0,-21.877951104544014,0.0,0.0,0.0,0.0,0.0
GBPUSD_fx,fx,10,6296,-1.6951650411750832,0.0,0.0,0.6027055529117837,0.0,0.0,-77.023474264576,0.0,0.0,0.0,0.0,0.0
IWM_equity,equity,73,6296,2.0949541187461937,0.0,0.0,3.1338682583165736,0.6438356164383562,0.0,-139.18574802490036,0.0,0.0,0.0,0.0,0.0
LINK_30M_23W_new,crypto,34,50717,-0.22886876851298227,0.0,0.0,3.4497826279502037,0.47058823529411764,0.0,-64.16990218927175,0.0,0.0,0.0,0.0,0.0
LTC_30m_27W,crypto,40,50389,-0.8060071100071636,0.0,0.0,2.996271470282612,0.325,0.0,-143.60088831464242,0.0,0.0,0.0,0.0,0.0
NEAR_30m_17W,crypto,24,50718,-0.35711266180003737,0.0,0.0,3.0969501371703383,0.4166666666666667,0.0,-50.952048382263385,0.0,0.0,0.0,0.0,0.0
NZDUSD_fx,fx,10,6296,-1.5453382499029218,0.0,0.0,-0.05063577658491123,0.4,0.0,-61.933724462929916,0.0,0.0,0.0,0.0,0.0
QQQ_equity,equity,73,6296,2.1437158277833066,0.0,0.0,3.5430408923724657,0.7534246575342466,0.0,-38.96525441556298,0.0,0.0,0.0,0.0,0.0
SOL_1h_7W,crypto,19,33812,-0.5288292482962361,0.0,0.0,3.2491852883375607,0.42105263157894735,0.0,-60.67025675886567,0.0,0.0,0.0,0.0,0.0
SPY_equity,equity,73,6296,1.5948601389332338,0.0,0.0,3.1530360131285216,0.726027397260274,0.0,-67.1436469415974,0.0,0.0,0.0,0.0,0.0
TRX_30m_25W,crypto,37,50712,-0.7292121542184785,0.0,0.0,3.2385924810094084,0.40540540540540543,0.0,-118.60967187812322,0.0,0.0,0.0,0.0,0.0
UNI_30M_17W_new,crypto,24,50718,-1.51183627953482,0.0,0.0,3.2487949903902145,0.20833333333333334,0.0,-165.03078551276468,0.0,0.0,0.0,0.0,0.0
USDCAD_fx,fx,10,6248,-1.4151263285945335,0.0,0.0,0.2772510814386963,0.2,0.0,-61.64949372707089,0.0,0.0,0.0,0.0,0.0
USDCHF_fx,fx,10,6296,-0.6134126106751868,0.0,0.0,0.3993787510048694,0.4,0.0,-29.222698873458217,0.0,0.0,0.0,0.0,0.0
USDJPY_fx,fx,10,6296,-0.7725263690056052,0.0,0.0,2.364060503049194,0.5,0.0,-55.214960644442,0.0,0.0,0.0,0.0,0.0
UVXY_equity,equity,52,6296,-0.3537095415905498,0.0,0.0,1.2077868705988795,0.38461538461538464,0.0,-203.8991417301258,0.0,0.0,0.0,0.0,0.0
VXX_equity,equity,64,6296,-0.4530297969532035,0.0,0.0,0.5320039145371588,0.34375,0.0,-234.46186806849744,0.0,0.0,0.0,0.0,0.0
XLE_equity,equity,73,6296,-1.2401584780502095,0.0,0.0,0.6602857065934198,0.2191780821917808,0.0,-416.33410261017866,0.0,0.0,0.0,0.0,0.0
XLF_equity,equity,73,6296,-0.9787302017373787,0.0,0.0,0.7010576187001646,0.2602739726027397,0.0,-403.77811118902423,0.0,0.0,0.0,0.0,0.0
XLK_equity,equity,73,6296,-0.4727630792025392,0.0,0.0,1.0111462587750006,0.3698630136986301,0.0,-293.7917731504327,0.0,0.0,0.0,0.0,0.0
XLM_30m_6W_1MetaW,crypto,5,50718,0.7024437207203857,0.0,0.0,3.1956950559102775,0.8,0.0,-9.025720729465101,0.0,0.0,0.0,0.0,0.0
XLV_equity,equity,73,6296,-1.3792252037796306,0.0,0.0,0.07794092519613831,0.1780821917808219,0.0,-518.591031157115,0.0,0.0,0.0,0.0,0.0
XRP_30M_25W_new,crypto,37,50718,-0.14471258842313034,0.0,0.0,3.2941692719586766,0.5135135135135135,0.0,-37.86016393422504,0.0,0.0,0.0,0.0,0.0
ZEC_30m_22W,crypto,32,50718,-0.27701048348376645,0.0,0.0,3.1456799159584152,0.40625,0.0,-60.72094348630851,0.0,0.0,0.0,0.0,0.0
