pair,n,d_star,adf_stat_at_dstar,adf_p_at_dstar,corr_level_at_dstar,corr_level_at_d1,window_len,error,ann_vol_proxy,trend_strength
0GUSDT,6108.0,0.05,-3.6685002698901465,0.004578686088054237,0.9680397333163843,0.01709964747318559,3237.0,,0.017684898801858508,0.9372966651496546
1000000BOBUSDT,8611.0,0.1,-3.354901592395344,0.01259577681870282,0.9312379959110446,0.002710327192770504,4076.0,,0.01549290462944227,1.406550485297828
1000000MOGUSDT,13647.0,0.2,-3.8937502168910356,0.002081326553692672,0.9557842954704602,0.00995191333589234,3382.0,,0.01651076910895856,1.4042719110853101
1000BONKUSDC,18188.0,0.15,-3.6663101896616705,0.004612775436388885,0.9710134590115785,0.015406571369158644,3901.0,,0.013488483619480353,0.7674553839708976
1000BONKUSDT,22069.0,0.1,-2.9780028127844185,0.03700035315554386,0.9880962331673857,0.01229731640162426,4076.0,,0.015600117775489345,0.1136311363675418
1000CATUSDT,14055.0,0.15,-2.922918787797131,0.04274703076121827,0.9725188435591815,0.005201284509410884,3901.0,,0.015126833195191106,1.6312745369414996
1000CHEEMSUSDT,13216.0,0.15,-3.3567287591287487,0.012525459178205389,0.9724362177144078,0.019014776237146622,3901.0,,0.01456539771109832,0.07155873099413326
1000FLOKIUSDT,26867.0,0.1,-2.8793189984213683,0.047806312995840206,0.9807097100908617,0.00921281048680814,4076.0,,0.01322124384265867,0.19908055390274887
1000LUNCUSDT,32606.0,0.0,-3.364045485699414,0.012247354623826137,0.9999999999999998,0.004823245875040431,1.0,,0.012033510234654037,0.7949464140092513
1000PEPEUSDC,19531.0,0.15,-3.920498665863545,0.001889061815718339,0.9699024423983894,0.016257549228890226,3901.0,,0.013221628664489251,0.37153140773601456
1000PEPEUSDT,26891.0,0.1,-3.3906070776602113,0.01128327381807716,0.9799783251910079,0.007518051729096271,4076.0,,0.01447161060557841,0.08526572748609194
1000RATSUSDT,21517.0,0.1,-4.075073085643132,0.0010646031447499038,0.9792775685327395,0.005328644074198614,4076.0,,0.018505799550302,0.9807092122517127
1000SATSUSDT,21589.0,0.2,-3.9738106515540697,0.0015540287013269326,0.9774678966040488,0.0069860443017389934,3382.0,,0.015371348586633917,1.6706432040885963
1000SHIBUSDC,19028.0,0.15,-3.585126369797251,0.00605182959403014,0.9794880692451814,0.009813802701349275,3901.0,,0.009228569760092073,1.351293027647552
1000SHIBUSDT,44290.0,0.05,-3.0386128236102987,0.03144243054936149,0.9963234878590103,0.012462901994523233,3237.0,,0.01256897191322151,0.5935061241089328
1000XECUSDT,41184.0,0.1,-3.371065507662205,0.011985693393708037,0.9916291808873721,0.004036819445771078,4076.0,,0.010183157547310927,1.7227135613282787
1INCHUSDT,47561.0,0.15,-4.024697517128711,0.001286568412144372,0.9880607239885983,0.006425239204672902,3901.0,,0.012739881277391372,1.2431085628641727
1MBABYDOGEUSDT,14896.0,0.15,-3.097791949070032,0.026717026257368433,0.97658368556485,0.013561772207718693,3901.0,,0.01276663735308557,0.8939661927191812
2ZUSDT,5751.0,0.0,-3.819251436733509,0.002716376392359413,1.0,-0.038733352906537205,1.0,,0.014728012771266332,2.013111637943252
4USDT,5608.0,0.0,-3.1707287213700206,0.021742775545760616,1.0,-0.00835058928063114,1.0,,0.025871005017472394,1.7139050812322074
AAVEUSDC,8346.0,0.15,-3.35460109909506,0.012607374616837735,0.960130405845389,0.014786435436753535,3901.0,,0.008812310592973993,1.5357688833827527
AAVEUSDT,49244.0,0.05,-3.0892803126774298,0.02735673154183453,0.9978118602423811,0.00839132435751746,3237.0,,0.012449204163691448,0.25575409525193943
ACEUSDT,21449.0,0.15,-2.863244705765659,0.04979212844967896,0.9895358250532689,0.0030517870874710493,3901.0,,0.013749010975262361,2.3877984864012887
ACHUSDT,28621.0,0.1,-3.561661119913056,0.006537731750449061,0.9892742229580967,0.014067470077143804,4076.0,,0.011860776716282386,0.9564156804654451
ACTUSDT,13551.0,0.05,-3.2442635512655307,0.017561304077930356,0.9953766277315669,0.002794927442357754,3237.0,,0.017409002824334056,1.7288609050723236
ACXUSDT,12948.0,0.15,-3.1648137997887584,0.022113891806394538,0.9764065779446789,-0.008965175041744348,3901.0,,0.012299099014740224,2.4105347204343928
ADAUSDC,10793.0,0.2,-3.268879542669351,0.01632817741367777,0.9636069246413096,0.0104773150597054,3382.0,,0.008509501579933161,1.5766048776337651
ADAUSDT,55460.0,0.1,-3.6746176450277757,0.00448468080385815,0.9864593295880261,0.0024587549784858705,4076.0,,0.010993387724835794,0.5696218583869974
AERGOUSDT,9808.0,0.1,-5.881762713662412,3.06659525558833e-07,0.9341529492608158,-0.007680734586513366,4076.0,,0.01195351715049983,1.7594006118708054
AEROUSDT,12993.0,0.15,-3.4142692817733535,0.01048194498648848,0.9632478490696375,0.00846699106928202,3901.0,,0.012727222346018141,1.0130613066132381
AEVOUSDT,19382.0,0.2,-3.9643608460680437,0.001609066463711592,0.9715969548167461,-0.002846631945670208,3382.0,,0.013062121251097328,2.620583738295781
AGLDUSDT,24865.0,0.1,-2.919527070343431,0.043123931016810446,0.9921872398249311,0.014481314894277574,4076.0,,0.013533566272646179,0.5198642852179782
AGTUSDT,8993.0,0.15,-3.2274366176413225,0.018450465168352637,0.9768740303818442,0.010564321975073796,3901.0,,0.022444196829570707,0.3603003709262125
AINUSDT,7769.0,0.15,-3.526710015209626,0.007327044044795813,0.9607901256325071,0.02111221896444616,3901.0,,0.019623557627628286,0.10801337793749563
AIOTUSDT,9471.0,0.15,-3.137828995790004,0.023877412746666826,0.9432820932528281,0.011917124183824767,3901.0,,0.02600258111460826,0.6106997084728836
AIOUSDT,6952.0,0.1,-4.400492560283347,0.0002962373933778531,0.9614609673058166,0.03571428315010092,4076.0,,0.020076807599971786,0.17059586750291447
AIXBTUSDT,12609.0,0.15,-3.0852222470876978,0.027666313937609745,0.9740389292783838,0.00784970365242568,3901.0,,0.017221817929016357,1.1850477486844975
AKEUSDT,5895.0,0.05,-3.0945070498714125,0.026962371018457203,0.9953661482813674,0.01760812690162555,3237.0,,0.0279845299591134,0.5935335190573057
AKTUSDT,13384.0,0.15,-3.299203563187295,0.01491411279701512,0.9567346749951411,0.0010535636031718397,3901.0,,0.012218320042286429,1.0911589325485704
ALCHUSDT,12180.0,0.05,-3.381024282239124,0.01162301434296312,0.9958946929606717,0.020203819609498307,3237.0,,0.02170307069506323,0.43645352903742946
ALGOUSDT,52171.0,0.1,-3.145557399439001,0.02336034377429097,0.9922254863983406,0.007845857143223188,4076.0,,0.012245075996659634,0.20218477359299522
ALICEUSDT,45624.0,0.15,-4.045362695837492,0.0011907457157103465,0.9903167478350666,0.004623196674582302,3901.0,,0.01515724571802139,1.61472928210702
ALLUSDT,7122.0,0.15,-3.058198050083982,0.029805400475453943,0.8952040779509947,0.0075930888480715795,3901.0,,0.007334824216112854,1.0392630299388945
ALPINEUSDT,9330.0,0.05,-3.0483519046058833,0.03061907531186731,0.9937622563139956,0.019012721588279297,3237.0,,0.019927323875037786,0.5328093994784806
ALTUSDT,20533.0,0.2,-4.369417181273706,0.0003360926951786932,0.9661255116112111,0.006005523780786264,3382.0,,0.014133517265664636,1.939849315380603
ANIMEUSDT,11794.0,0.15,-3.156418049183799,0.022650077929775695,0.9746570280112138,-0.007756819502907099,3901.0,,0.012617553165493504,2.2987794916402837
ANKRUSDT,46792.0,0.1,-2.955745450369918,0.039239025475065255,0.994062314078621,0.010173931900625047,4076.0,,0.01312749616346997,0.293291629029937
APEUSDT,36824.0,0.15,-3.033495229706429,0.031882571413959365,0.989300711133834,0.0069117490851144155,3901.0,,0.012569450731157816,1.652178679406438
API3USDT,37392.0,0.1,-3.626173538528139,0.005279915890832782,0.9908519212914411,0.009734776071356014,4076.0,,0.013384325432443127,1.0878494906830982
APRUSDT,5245.0,0.05,-4.095909635667895,0.0009837128001622217,0.9873303855358071,0.02315585950808576,3237.0,,0.023635931255144977,0.3664315538211014
APTUSDT,31657.0,0.15,-3.2683582616113895,0.016353481780788104,0.9868047468200055,0.013316499793280392,3901.0,,0.011034954702849476,1.0209156860707247
ARBUSDC,18524.0,0.15,-2.985395754500142,0.03628094499130297,0.9800380108127873,0.009161427811988034,3901.0,,0.01043032176081152,1.6558450686572672
ARBUSDT,27924.0,0.15,-2.924102340922189,0.04261615713435365,0.9852025044729182,0.010756232765263565,3901.0,,0.010395962501785583,1.4514297246287824
ARCUSDT,11942.0,0.1,-3.377391747890171,0.011754157956597438,0.9813300056784776,0.007740167570199667,4076.0,,0.02476830476581774,0.5727565665707576
ARIAUSDT,6448.0,0.15,-3.3443765929242515,0.013007682254477886,0.9650755386935591,0.03271676413869022,3901.0,,0.036145256938682535,0.36753398304000934
ARKMUSDT,24889.0,0.15,-2.9005626835429297,0.0452826041479083,0.9809709202858906,0.010801772432208052,3901.0,,0.013900010816844496,0.6296120401925086
ARKUSDT,23605.0,0.1,-3.388375187956186,0.011361602049193457,0.9871355215715923,0.014382187614531684,4076.0,,0.012191902895618697,0.7721802807196119
ARPAUSDT,40417.0,0.1,-4.104926473601556,0.0009505229766957773,0.990485786339494,0.009684650421495751,4076.0,,0.012511530720104812,1.0553176651109275
ARUSDT,40915.0,0.1,-3.2818138356709117,0.015711227612503507,0.9893250050013155,0.007834841209880178,4076.0,,0.013166546855211536,1.0813526246961451
ASRUSDT,9329.0,0.05,-3.329978727733804,0.013590462931164041,0.9878977213948525,0.01872293407564229,3237.0,,0.01206242183333335,0.6874286456449674
ASTERUSDT,6063.0,0.05,-4.131891004635757,0.0008574184853150597,0.9943962624248336,0.021590940607317612,3237.0,,0.014609709809324294,0.08150237948660129
ASTRUSDT,28821.0,0.2,-4.04716266340294,0.001182722794587222,0.9786823755765345,0.010978370330765236,3382.0,,0.010779401349547931,1.3161386804724546
ATHUSDT,10140.0,0.15,-2.904252421670956,0.044855728663942974,0.971058076741418,0.011935811320944385,3901.0,,0.0125485037124421,1.3005470108463473
ATOMUSDT,55288.0,0.1,-3.6242408623305797,0.005314151574743894,0.9912161106832593,0.009186391800538067,4076.0,,0.011956023796799619,0.2910540835972178
ATUSDT,5104.0,0.15,-3.2126897718500027,0.01926179586752157,0.9756150014728683,0.012191634848394547,3901.0,,0.015475443487684712,1.010849508942524
AUCTIONUSDT,21518.0,0.1,-3.5691096586501527,0.006379799174035357,0.9873577846471624,0.012256163177982301,4076.0,,0.013253782546215596,0.9029955117302213
AUSDT,8803.0,0.15,-2.8817187675963676,0.0475155303460859,0.941826773437503,0.0005008095479759218,3901.0,,0.009089586946338699,2.6707071297921363
AVAAIUSDT,11942.0,0.1,-3.2490977072394984,0.01731289623526475,0.986705278986499,0.0017920774112790037,4076.0,,0.021343292508820878,1.528280259958652
AVAUSDT,12782.0,0.0,-3.622746244308087,0.005340765666851578,1.0,-0.009190780381808471,1.0,,0.011637128677015426,1.9778141019528674
AVAXUSDC,19220.0,0.15,-3.427682533959359,0.010050605922641481,0.9758426405720734,0.009426173616779016,3901.0,,0.009523243846196948,1.3567755082703297
AVAXUSDT,49797.0,0.1,-3.9474244356584296,0.0017122657392911154,0.985402879239985,0.006559111808422339,4076.0,,0.012913222303084029,0.2748126048628498
AVNTUSDT,6300.0,0.1,-4.1577549274951116,0.0007762065555251663,0.8149238443795467,0.01558526126828179,4076.0,,0.018825881457513786,0.20918255154472393
AWEUSDT,8967.0,0.05,-3.271208173360529,0.01621555884820272,0.9949243152651358,0.029610435235279908,3237.0,,0.011405746055595939,0.22289080260632047
AXLUSDT,19668.0,0.2,-4.078186264140567,0.0010521344523473054,0.9761716928873304,0.006208128318849274,3382.0,,0.013020310203428314,1.9693912600484231
AXSUSDT,48405.0,0.15,-3.4252241679631936,0.010128454213378895,0.9826557958314399,0.0033132017529047264,3901.0,,0.014341357085974962,0.30390111981352463
B2USDT,9326.0,0.05,-2.967244921907305,0.03806861292414468,0.994145473263329,0.02322708976186541,3237.0,,0.016780892178410632,0.1758952570364266
BABYUSDT,10070.0,0.1,-3.5535574017306057,0.0067135649645133745,0.96868352643985,0.009941823373886053,4076.0,,0.01333759902325587,1.0896580898058352
BANANAS31USDT,10410.0,0.15,-3.2716618228763776,0.016193698762043872,0.9663228029396898,0.02221908717507991,3901.0,,0.0189463036654195,0.3446684474743156
BANANAUSDT,15669.0,0.15,-3.2343735750835925,0.018079248361057235,0.9761229575009861,0.010675629971142983,3901.0,,0.013185802060251987,1.5454459700895307
BANDUSDT,51141.0,0.1,-2.88969847639011,0.04655910568482018,0.9954374146345305,0.009302605188448982,4076.0,,0.01383395504908165,0.9559146614676026
BANKUSDT,9753.0,0.1,-3.3607398827420925,0.01237231279735061,0.9787226027988003,0.02678180203761911,4076.0,,0.01841263657541359,0.1999637865598579
BANUSDT,13384.0,0.0,-5.558563807487174,1.5605841391622448e-06,1.0,0.017203190349784073,1.0,,0.019353436139015603,0.6800693753241863
BARDUSDT,6084.0,0.25,-3.138423572753588,0.023837284740369634,0.9356905409377535,0.028074023587582448,2804.0,,0.014756468002321062,1.4837700569413361
BASUSDT,6638.0,0.2,-3.2920250685000507,0.015238739471069811,0.9655018665478277,0.026588709931212796,3382.0,,0.030982158165715052,0.3445040586338712
BATUSDT,55143.0,0.1,-4.081713351180202,0.0010381730378069883,0.9902797120702791,0.010018293058686362,4076.0,,0.011673734579013348,0.33549701099195645
BBUSDT,17919.0,0.15,-3.0012756155774603,0.034775445431342825,0.9795788386624961,0.009840765296882764,3901.0,,0.014287916909175396,1.492985286508712
BCHUSDC,18860.0,0.05,-3.0198193045621413,0.03308452447652465,0.9951069905146118,0.019241319451992388,3237.0,,0.008314410386495321,0.687237898214673
BCHUSDT,56492.0,0.05,-2.9509120290459814,0.039739892357937165,0.9979899930027262,0.008828862403650082,3237.0,,0.010270922890601221,0.20587867432989096
BEAMXUSDT,22190.0,0.15,-2.9320788071726,0.04174282104508949,0.9834513128230276,0.012732923262963571,3901.0,,0.013154912995528808,0.7951221285342508
BELUSDT,48453.0,0.05,-3.07551533138018,0.028419029814670736,0.9984471594577383,0.011350982078920699,3237.0,,0.015128961458378993,0.7366069251929133
BERAUSDT,11460.0,0.2,-3.6393845837399437,0.005051213453455816,0.9587050321553374,0.004860288269978391,3382.0,,0.014341851427327574,2.070476268801471
BICOUSDT,23391.0,0.2,-3.9237833247436447,0.0018666223418706115,0.9786740948068039,0.011518492118553882,3382.0,,0.011672430977595545,1.3594511142576822
BIGTIMEUSDT,23053.0,0.15,-3.297583833610972,0.014986823257518326,0.9818284542353669,0.01022528821384386,3901.0,,0.015016365056164625,1.3737022773377454
BIOUSDC,6668.0,0.2,-3.488209512116717,0.008295112488590044,0.8797944416082759,-0.005685513272036143,3382.0,,0.015218909109032409,1.6340049133297327
BIOUSDT,12274.0,0.0,-3.408430372666703,0.01067481611795954,1.0,-0.009020424297141786,1.0,,0.016650775302014604,1.8182637726147781
BLESSUSDT,5970.0,0.05,-3.6998163923949634,0.004115737485438874,0.9925957199398945,0.01688459832613835,3237.0,,0.03397094357788584,0.8765393244366789
BLUAIUSDT,5296.0,0.1,-3.0180941364906873,0.033238839788819585,0.9516227923951951,0.01532365065128038,4076.0,,0.02356552419949019,0.46410420739495595
BLURUSDT,27064.0,0.2,-3.8735403562398676,0.0022384390725288597,0.9761288171285214,0.007661886847512614,3382.0,,0.01205620378210019,1.7536530443168472
BMTUSDT,10527.0,0.15,-3.207220042548889,0.01957054020398162,0.9706715520933847,0.00696193443073926,3901.0,,0.013837186990241354,1.5143948481169582
BNBUSDC,21040.0,0.1,-3.6907243550362834,0.004245532330039198,0.9800991709339931,0.0038550145255490773,4076.0,,0.00600501628631858,0.840175014067177
BNBUSDT,55220.0,0.05,-3.0376643351156116,0.031523613606878,0.9988882527092205,-0.0006782966389847064,3237.0,,0.008697723954723279,1.5996007408255568
BNTUSDT,24563.0,0.1,-3.4345212952643585,0.009836849518550444,0.9864196901593855,0.016303845396545273,4076.0,,0.00926004810703676,0.4225170603920561
BOMEUSDC,18357.0,0.2,-4.000050457832592,0.001410247064075852,0.9606610018098211,0.005723049136599685,3382.0,,0.013906399872171616,1.609459963104328
BOMEUSDT,19312.0,0.2,-4.0299743058869915,0.0012614390350214272,0.962746172658198,0.0023445205551775867,3382.0,,0.014997851756875558,1.8364954071136137
BRETTUSDT,15541.0,0.15,-3.0910758512759444,0.027220703283179205,0.9716591606731296,0.011937096321446522,3901.0,,0.01505573724598058,1.4156241687740267
BROCCOLI714USDT,10434.0,0.05,-3.9017720258421127,0.0020218446065209607,0.9916860613202777,0.02262093696662597,3237.0,,0.0209870604750643,0.5667331906464607
BROCCOLIF3BUSDT,10435.0,0.15,-3.8748331267991496,0.002228069516013015,0.9536105263669652,0.014813923278573695,3901.0,,0.021228184328128143,0.6110344711589457
BRUSDT,10432.0,0.0,-3.2802395665819883,0.01578520614117797,1.0,0.02827917721875302,1.0,,0.022741411804344868,0.16680355703930816
BSVUSDT,22859.0,0.1,-3.033733307515692,0.031861979975735595,0.9916034223133147,0.012530503498364947,4076.0,,0.00991099736205824,0.8920489309660632
BTCDOMUSDT,43297.0,0.2,-3.294888907603859,0.015108492044785087,0.9907066825312882,0.004432816016917925,3382.0,,0.003613938541382108,2.2898696846013915
BTCUSDC,21040.0,0.1,-3.069379985737004,0.028903767841196238,0.9817402707629713,0.0033416059414981217,4076.0,,0.005149736575744263,0.7102750844577874
BTCUSDT,58931.0,0.15,-3.6644302847269072,0.004642221229414007,0.9870264645867275,0.0023654193599842574,3901.0,,0.00661139609338395,1.2450254026671188
BTRUSDT,6618.0,0.2,-3.0948697690612543,0.02693518544575696,0.941805861954431,0.020874883447001606,3382.0,,0.025462462685111365,0.7923076843195735
BULLAUSDT,7915.0,0.1,-3.4039710925776854,0.010824239962749714,0.9771443313325019,0.021255994995172743,4076.0,,0.032861757769717906,1.0141488366736884
BUSDT,8935.0,0.05,-3.401587884968889,0.010904859678018934,0.9908155816594612,0.021850821906384845,3237.0,,0.021884411405201077,0.08521065804111823
C98USDT,41761.0,0.15,-3.790412048573817,0.0030069498047477273,0.9874208793886833,0.00306266554543606,3901.0,,0.012725423607066893,1.9519282659718322
CAKEUSDT,22552.0,0.05,-4.0232121301570665,0.0012937259421286157,0.9951113946819032,0.02021836744196045,3237.0,,0.010629915362890553,0.1062812911381029
CARVUSDT,7092.0,0.1,-4.941471824519269,2.8939993897415258e-05,0.8198806326741743,0.0060183576085036045,4076.0,,0.010896560766986085,1.9455439642993821
CATIUSDT,14801.0,0.05,-3.0535889009091854,0.030183971428275506,0.9943937091550452,-0.004343628574421909,3237.0,,0.013612776790503238,1.7327915804075835
CCUSDT,5056.0,0.05,-4.603225241654703,0.00012741305474338948,0.9896560918041246,0.027609857476981615,3237.0,,0.01398736156313267,0.17938083153267118
CELOUSDT,40940.0,0.15,-4.304464555161741,0.00043637069344382466,0.9814571325495861,0.004138223687739689,3901.0,,0.011403257107149891,1.9454849907484444
CELRUSDT,45309.0,0.1,-3.190831422971219,0.020521564290242277,0.9927614198903423,0.007951588115800004,4076.0,,0.013433378496138867,1.2424322955105473
CETUSUSDT,13670.0,0.2,-3.968218166467499,0.0015863852689532807,0.9522125864777554,0.005729151854608136,3382.0,,0.014421935908839334,1.504019432886722
CFXUSDT,28670.0,0.1,-3.523192569973729,0.007411058946143026,0.9854395711688683,0.01264889270790545,4076.0,,0.012562433553709708,0.8007453402330971
CGPTUSDT,12609.0,0.2,-3.9137924252915317,0.0019356548751991171,0.9579358552681269,0.005966268867234786,3382.0,,0.013254749559288723,1.525456709914554
CHILLGUYUSDT,13166.0,0.0,-2.9556255676078527,0.03925138415265466,0.9999999999999999,-0.004923847490278086,1.0,,0.01901587141001964,1.8404415758807604
CHRUSDT,45717.0,0.1,-2.9903358441364656,0.03580682031126398,0.9928169813650776,0.011141254016338113,4076.0,,0.014373946563971186,1.0004939007416953
CHZUSDT,46912.0,0.1,-3.466962609465813,0.008877226128622545,0.9917318437691156,0.007362914731493217,4076.0,,0.01327490825980914,0.14301982833988158
CKBUSDT,28480.0,0.15,-3.453318097490452,0.00927011242562467,0.9746571929968099,0.01144949090691601,3901.0,,0.012089886185150963,0.7030470727366106
CLOUSDT,5465.0,0.15,-3.3609002942530988,0.012366222916215001,0.9648625861930856,0.020222807108183707,3901.0,,0.02730312931422971,0.3348525737756349
COAIUSDT,5919.0,0.05,-4.945997862021975,2.8354597370522077e-05,0.9774178037691438,0.017404136756810726,3237.0,,0.03213146878483437,0.1018631064101773
COMPUSDT,51830.0,0.1,-3.0508815497585484,0.030408243250407467,0.9932721839938755,0.007835185190865316,4076.0,,0.012375220815060975,0.8975645319157528
COOKIEUSDT,12185.0,0.2,-3.0343953866562012,0.031804775878994274,0.9794045717341437,0.004623760115175753,3382.0,,0.015641253880198443,2.2706081372378795
COSUSDT,14558.0,0.1,-3.030528561641358,0.03214010893191144,0.9865629374389788,0.007364495167463266,4076.0,,0.012217856378103156,1.3161603442480407
COTIUSDT,45765.0,0.1,-3.1149591286928344,0.02546577087730838,0.9929178133430197,0.009263250153038484,4076.0,,0.013887820287259326,1.1853020155368066
COWUSDT,13671.0,0.1,-3.4026159166755083,0.01087001778354918,0.9828625451346706,0.017827777318259522,4076.0,,0.014048773834349644,0.6463378696818456
CROSSUSDT,7765.0,0.15,-3.58093214185856,0.006136203822566609,0.9339033434957712,0.020390194047556067,3901.0,,0.01789957873272322,0.15317449172624711
CRVUSDC,16677.0,0.15,-4.089138601008588,0.0010093457677272258,0.974125094049728,0.013707835072393938,3901.0,,0.012240421031483345,0.14397538878712587
CRVUSDT,50325.0,0.1,-3.945296805927575,0.0017256561298344315,0.9906727411925997,0.008087616461732646,4076.0,,0.014873950504424593,0.9399167856505947
CTKUSDT,9474.0,0.1,-3.0040019280621295,0.03452235694187888,0.9839510836723987,0.013793997607931296,4076.0,,0.009494923113139979,1.3016143843437542
CTSIUSDT,40249.0,0.1,-3.827955317215633,0.002633902390298581,0.9903832765423443,0.006803599897615342,4076.0,,0.012909623098119908,1.3193310377239067
CUSDT,7651.0,0.05,-3.062996717141116,0.029415572974579817,0.9858025094998943,0.012200593004529489,3237.0,,0.01811831187248399,0.6235797561416507
CVCUSDT,9092.0,0.1,-3.6248367976442504,0.0053035736405734986,0.9683362240341795,0.0040376238218759845,4076.0,,0.008546414624325527,1.9168548976323305
CVXUSDT,7452.0,0.05,-4.58591621562775,0.0001371145875992657,0.9915884958134751,0.00956773975715807,3237.0,,0.011242278128262903,1.1530456334002768
CYBERUSDT,24304.0,0.15,-3.085203879183268,0.02766772198407342,0.9852097150689877,0.011232707351032968,3901.0,,0.014393083612405856,1.0062647058756602
DASHUSDT,55359.0,0.1,-3.8561612541534944,0.002382241309468238,0.990846073351445,0.007751533331826684,4076.0,,0.011768535332570414,0.3823700402467853
DEEPUSDT,9668.0,0.1,-3.9725132226997792,0.0015614801156117327,0.9542434574981796,0.01063819059603868,4076.0,,0.012786134969152475,1.1366848884127718
DEXEUSDT,12521.0,0.2,-4.452518672943693,0.0002393594063712389,0.9060410915308811,0.014158679712801067,3382.0,,0.015235050298150418,0.20066367881840155
DIAUSDT,14512.0,0.15,-3.4176690644813554,0.01037108092523942,0.9694603759880849,0.014111998381204348,3901.0,,0.012565677092167948,1.052457380432996
DODOXUSDT,24616.0,0.15,-3.109265473180479,0.025875057336638644,0.987666450957928,0.009832319436119336,3901.0,,0.011942190913595883,1.1341953941298206
DOGEUSDC,20706.0,0.15,-3.889501394579656,0.0021134840860591573,0.9637626644269938,0.01091180962409906,3901.0,,0.01041657027649959,0.15871216717763373
DOGEUSDT,51595.0,0.05,-4.5227800096712265,0.0001788196450135059,0.995817592360141,-0.00035071987789537785,3237.0,,0.013620182776186053,1.0679293701704609
DOGSUSDT,15400.0,0.15,-3.540257895218832,0.007011415671319092,0.9525372571845782,-0.0015756610832535361,3901.0,,0.014227489430853474,1.8259753611390286
DOLOUSDT,9457.0,0.05,-3.0048377473579206,0.03444507877004655,0.9956380684398762,0.01585377787363517,3237.0,,0.017549740978751588,0.36993472427151913
DOODUSDT,9255.0,0.15,-3.543804950938042,0.006930832180201064,0.9718804228252312,0.02459330852714177,3901.0,,0.017481216092989763,0.7378765719362983
DOTUSDT,50565.0,0.15,-4.065946700699875,0.001101956193130276,0.9840512936318894,0.009298196098671873,3901.0,,0.011313134938972496,0.4061867691083
DRIFTUSDT,13621.0,0.2,-2.9736380864645717,0.037430692121795166,0.9796447065332059,0.01848765174849258,3382.0,,0.0155508238714012,1.9458325471564637
DUSDT,12137.0,0.1,-3.1688412853951027,0.021860606805862225,0.9835815330873134,0.002216319595116113,4076.0,,0.017973575371399042,1.3968142516104092
DUSKUSDT,38492.0,0.0,-2.9150747678722246,0.04362288064346051,0.9999999999999998,0.0070510307299913675,1.0,,0.01357162113136852,0.6901923683471974
DYDXUSDT,41348.0,0.15,-3.836997764411488,0.002550670791379516,0.9847790260128897,0.005258907247111633,3901.0,,0.013155167176367518,1.6076893050174825
DYMUSDT,20229.0,0.2,-3.1866396129566144,0.020771173129523184,0.9839747927326845,0.0073966784653787645,3382.0,,0.014871877317463122,2.611864906972098
EDENUSDT,5801.0,0.0,-3.7608382618593614,0.003334388337242504,0.9999999999999998,-0.023300537310340184,1.0,,0.019685827341776596,1.6681279232784847
EDUUSDT,27016.0,0.15,-3.31019915304574,0.014428682241370576,0.9856034452366723,0.009800540524198613,3901.0,,0.013061291225797881,1.6194712195388092
EGLDUSDT,50013.0,0.15,-3.3235310197221013,0.01385884861244178,0.9884500412611645,0.00885595051235921,3901.0,,0.01182302102869629,0.4844347094153245
EIGENUSDT,14537.0,0.2,-3.6743923176123747,0.004488111917860424,0.9567489559086961,0.0064067538835259185,3382.0,,0.014340037463808769,1.7228602924726337
ENAUSDC,18189.0,0.15,-3.0093895326288504,0.034026791650542634,0.9759266954786608,0.0137731952370837,3901.0,,0.013825802701371367,1.1700261318567862
ENAUSDT,18904.0,0.15,-3.219317165592835,0.01889340326784317,0.9755290785839371,0.014823463621555852,3901.0,,0.014386370205724667,0.986044240872741
ENJUSDT,49648.0,0.15,-3.5857468730382642,0.006039436747208542,0.9878014992895786,0.007584724562945851,3901.0,,0.01386885790520776,0.49016128852430163
ENSOUSDT,5467.0,0.1,-3.145011650365752,0.02339653702956874,0.9649151319681264,0.020025890313333124,4076.0,,0.018767614652609788,0.7998110257652387
ENSUSDT,39409.0,0.0,-3.1635811359594657,0.022191919380510437,1.0,0.009593810360969662,1.0,,0.012531372230619533,0.9777758751857345
EPICUSDT,10628.0,0.15,-2.882261098864004,0.04745001819864041,0.9751794662605818,0.014636790714559983,3901.0,,0.01434216861710146,1.2654477458045184
ERAUSDT,7595.0,0.1,-3.3081696887704406,0.014517215404266471,0.9496228676556728,-0.007245058151917551,4076.0,,0.011386539544237705,2.4020044243342635
ESPORTSUSDT,7314.0,0.15,-3.7007739166225577,0.004102281468797414,0.9776061780274948,0.04022245355565699,3901.0,,0.029449130219214185,0.5460526705957722
ETCUSDT,55820.0,0.05,-2.908854356815213,0.044328002284287765,0.9975298816257546,0.008441937054790632,3237.0,,0.01120394582182009,0.035879780794004446
ETHBTC,27112.0,0.0,-17.703328794624657,3.528845111629987e-30,0.9999999999999999,0.18176315076700347,1.0,,0.12777571910003366,0.04151681979269744
ETHFIUSDC,18189.0,0.1,-2.9442173866670758,0.04044245954086867,0.9858040723005778,0.009404122011510732,4076.0,,0.013268148197676877,1.253207507599305
ETHFIUSDT,19261.0,0.1,-2.952288745794898,0.03959668689801799,0.9850626959828869,0.01037731550280647,4076.0,,0.013792677708732366,1.135027171868382
ETHUSDC,21040.0,0.1,-3.2971922955346513,0.015004446398310146,0.9824952550174448,0.015204454566600807,4076.0,,0.007186750340431206,0.09823235073949811
ETHUSDT,57021.0,0.05,-3.374727141102859,0.011851191500865837,0.9986104897484137,-0.0018000050154199983,3237.0,,0.008554176353589193,1.2863491669008322
ETHWUSDT,21928.0,0.2,-4.038403951498178,0.0012222429397148776,0.9743474136117479,0.012891310258711186,3382.0,,0.012032488953661546,1.3082991845403897
EULUSDT,5486.0,0.2,-3.0429195311057273,0.031076042673088142,0.9461080691852377,-0.01163706402737512,3382.0,,0.013626351501902136,1.9332702667354995
EVAAUSDT,5730.0,0.15,-3.1348279008445705,0.024080847641914035,0.9726761873007388,0.006947126696006955,3901.0,,0.024875102243698863,1.3582768653870658
FARTCOINUSDT,12605.0,0.15,-3.1820952814825696,0.021044749639825975,0.9722926226913091,0.016438788252397266,3901.0,,0.02150348017507355,0.7744440945453518
FETUSDT,29497.0,0.15,-3.7324947281826124,0.003678621451949301,0.9720315970702831,0.007962248275468063,3901.0,,0.012881980193785286,0.011300520313948107
FFUSDT,5823.0,0.0,-4.2928401756330805,0.0004570664379793785,1.0,-0.011833826354496797,1.0,,0.016937532308873557,1.1254369091174776
FHEUSDT,9901.0,0.1,-3.273408422392233,0.01610977656494568,0.9805846937681709,0.023543001624842592,4076.0,,0.028214717335066343,0.5250250494628728
FIDAUSDT,14824.0,0.15,-3.238424778426543,0.01786549072551361,0.9698677715291182,0.0045757095323461375,3901.0,,0.01412570835820335,1.4611495599380513
FILUSDC,18525.0,0.15,-3.5629051552959066,0.006511110717069879,0.9792437293621247,0.009846955646407108,3901.0,,0.010441965916013334,1.2356588743436625
FILUSDT,49246.0,0.1,-3.1732376050501885,0.021587000523638107,0.995905260370462,0.004732044602639828,4076.0,,0.011884733120765902,1.4893266117857098
FLOCKUSDT,6310.0,0.05,-3.5643404301696835,0.0064805191985148934,0.9638141106158198,-0.009059060712269184,3237.0,,0.013297258027188315,2.0101439022459755
FLOWUSDT,37681.0,0.2,-4.1763093633297625,0.0007224556020184003,0.9794362373119593,0.006972504549363869,3382.0,,0.010962591623910143,2.5940460748786487
FLUIDUSDT,5941.0,0.15,-3.304812245159076,0.014664732579687756,0.9037834659466869,0.0021521996372356987,3901.0,,0.01220320668322745,1.8329160276086565
FLUXUSDT,15213.0,0.15,-3.8689138710896915,0.002275915700668618,0.9713433320617628,0.00757324448031012,3901.0,,0.013030097739176023,1.4367720729471718
FORMUSDT,10479.0,0.1,-3.862241706035829,0.0023309855127072125,0.9736985799348925,0.010421137508501528,4076.0,,0.015226696403826208,1.3530296888793847
FUSDT,8296.0,0.05,-3.3029236908700734,0.014748290182348573,0.9953739312132409,0.027627296035214768,3237.0,,0.01718204763966951,0.4020928116689248
GALAUSDT,41156.0,0.1,-2.926929461302721,0.04230489301355289,0.9907713028757514,0.00891843311038689,4076.0,,0.013385863806208721,1.3330969045914085
GASUSDT,22754.0,0.1,-3.8038243452758795,0.0028684284093493254,0.9866296871616604,0.015126732405512471,4076.0,,0.01146347391879185,0.43996693820845656
GIGGLEUSDT,5587.0,0.1,-2.9596762111084014,0.038835606898918025,0.9875351979120893,0.019930511435301727,4076.0,,0.026980040406273914,0.6653006549436962
GLMUSDT,19861.0,0.1,-3.7021007857445296,0.004083701555813852,0.9870306087614341,0.017020110177206362,4076.0,,0.011318766295143546,0.648550225866177
GMTUSDT,36888.0,0.2,-4.054373153830478,0.001151087090214944,0.9841303039511631,0.009900574276846624,3382.0,,0.012638922094883213,1.4101227521887847
GMXUSDT,28742.0,0.15,-3.9505504794943227,0.0016927667111880003,0.9844158293268372,0.0072227084698863915,3901.0,,0.010020056551214988,1.4781643053961326
GOATUSDT,13983.0,0.2,-4.150316098204623,0.0007987925611040002,0.9473327993405536,0.0016272833988283004,3382.0,,0.016722095345882964,1.9653648678725786
GPSUSDT,11195.0,0.0,-3.1061848119765743,0.02609885755738846,1.0,-0.005522746850585284,1.0,,0.016740153135012214,1.5859126508099592
GRASSUSDT,13621.0,0.15,-3.533590109283942,0.007165190017141902,0.9615200573041331,0.004670535724608894,3901.0,,0.01620158732505525,1.0509018322779007
GRIFFAINUSDT,12303.0,0.15,-4.156052755415662,0.0007813212276669799,0.9482222604765917,-0.00032540976644785877,3901.0,,0.019984375419311685,1.6501940910204496
GRTUSDT,47704.0,0.1,-2.9052442228288347,0.04474155552219669,0.9924870346825295,0.008866434383085061,4076.0,,0.013277672225622593,0.8820085250576403
GTCUSDT,43536.0,0.1,-3.0357028056593567,0.03169207017533491,0.9963799769903889,0.0046663516563693296,4076.0,,0.014165511847752688,1.727732069788642
GUNUSDT,10191.0,0.15,-3.9805536676021367,0.0015158318379106146,0.9541169548606644,0.011654903563370664,3901.0,,0.016489154871695465,1.6200125421570368
GUSDT,15664.0,0.15,-3.148468900439503,0.02316807379071893,0.9832859353264022,0.006080858539859403,3901.0,,0.01006658254992553,1.9272667773293806
HAEDALUSDT,9457.0,0.15,-4.181878520649151,0.0007070171582359652,0.9306937905937279,0.012854218945872563,3901.0,,0.014048935437832985,1.0575509266227645
HANAUSDT,5897.0,0.05,-4.407626518079316,0.0002877423018883914,0.9586810206887372,0.01729527616726931,3237.0,,0.025270913820500653,0.42065027737011607
HBARUSDC,10770.0,0.15,-3.3685595593108864,0.012078523605150757,0.9741669980663106,0.010192245057733081,3901.0,,0.008954354815454355,0.9778176610512357
HBARUSDT,45597.0,0.1,-3.6621165977889962,0.00467869677785195,0.9869385040820817,0.007223118452104745,4076.0,,0.011687558770758796,0.4738578857919207
HEIUSDT,11299.0,0.2,-3.660740896939391,0.004700508536749966,0.95378609340775,-0.00017899200566792188,3382.0,,0.014959879789839687,1.1622750762128369
HEMIUSDT,6576.0,0.05,-2.8720733147244246,0.048693203530489296,0.9906237237168377,0.0140846216797158,3237.0,,0.01952431257823769,0.821630179451246
HFTUSDT,27592.0,0.2,-4.022411525143512,0.0012975991436968736,0.9797338073203157,0.01017493191590756,3382.0,,0.011967526535659384,2.034499921541715
HIGHUSDT,28994.0,0.15,-3.4430209148926982,0.009576850311176383,0.9832848426782831,0.009301229058258672,3901.0,,0.013878713248324528,1.4754809659153778
HIVEUSDT,12545.0,0.2,-3.723061772590909,0.0038002184464903457,0.9750728053592578,0.009594508263481573,3382.0,,0.010341613976729667,1.5794594999378058
HMSTRUSDT,14655.0,0.2,-3.1612781545550765,0.022338337138726395,0.9746932628618119,-0.0011123930896270937,3382.0,,0.013600695495690597,2.387516012909649
HOLOUSDT,6256.0,0.0,-4.023563756690787,0.0012920282374312077,1.0,-0.02312700099856146,1.0,,0.013075761949341805,1.841387008594576
HOMEUSDT,8489.0,0.15,-3.1376968196466475,0.023886341232871824,0.9593434013883698,0.023008259873444032,3901.0,,0.01245495208850157,0.09931746202161679
HOTUSDT,45284.0,0.1,-3.1036825201849068,0.026281863081704555,0.9932961511373907,0.005180654779793921,4076.0,,0.012215892920697642,1.4487351118958824
HUMAUSDT,8847.0,0.0,-3.0555731077699537,0.03002049988109465,0.9999999999999999,0.008251657850841827,1.0,,0.014250088674052678,0.7661978296143818
HUSDT,8126.0,0.1,-3.388612393380139,0.011353254400224068,0.9797532743417365,0.0200144784267253,4076.0,,0.025131142015553956,0.8262967390650662
HYPERUSDT,9663.0,0.1,-4.92793646128612,3.076093073005845e-05,0.9563791968316944,0.016975002763849986,4076.0,,0.01607895010022218,0.6503484752405096
HYPEUSDT,8754.0,0.2,-4.382332039814298,0.00031894853380609047,0.9291612628456226,0.03058070518458671,3382.0,,0.010720729234118686,0.6679692553396589
ICNTUSDT,7930.0,0.0,-3.215772081658992,0.01908968952650766,1.0,0.0379885357139637,1.0,,0.01975550420537771,0.24130721720114778
ICPUSDT,32186.0,0.1,-3.348132995439153,0.012859322531861518,0.987345202347354,0.012093756138647738,4076.0,,0.010742033021011666,0.4367609337049058
ICXUSDT,49990.0,0.15,-3.98565271104238,0.0014875294915020947,0.9877561132895083,0.00843315900443259,3901.0,,0.01221133487432043,0.962129148557867
IDOLUSDT,7915.0,0.05,-2.9245000915627286,0.04257225008662673,0.9935938630627189,0.020059586725659915,3237.0,,0.01608353377967608,0.4834388566846908
IDUSDT,27926.0,0.15,-2.8708546892468187,0.048843690313417294,0.9869037911481168,0.010862665446811208,3901.0,,0.011746233695004108,1.2479891367166558
ILVUSDT,22356.0,0.2,-3.9856009683736326,0.0014878142039608825,0.9773868750139126,0.007108843859849361,3382.0,,0.011597532778140312,1.8086831578945854
IMXUSDT,37652.0,0.15,-3.9283399086026507,0.0018359027396018996,0.9792052129055603,0.01006543793762442,3901.0,,0.012322569726354088,1.1639987595164032
INITUSDT,9814.0,0.1,-4.931650038358246,3.025064176716008e-05,0.9232850937303838,0.008240637260311046,4076.0,,0.015400789576722656,1.4970461140559013
INJUSDT,33170.0,0.1,-3.0186864267078803,0.03318579116913481,0.9851807960435744,0.003977078589944647,4076.0,,0.01228121825033306,0.5002371333662391
INUSDT,7098.0,0.0,-2.9558101124645724,0.039232360832908424,1.0,0.039088695073889373,1.0,,0.020308511111758763,0.129525387439566
IOSTUSDT,54956.0,0.15,-4.092305769736733,0.0009972790648592425,0.9854929652879761,0.009558413219853136,3901.0,,0.012148315176302507,0.6350777939138965
IOTAUSDT,55167.0,0.1,-3.172364623222991,0.02164109326157628,0.9923333794850635,0.009284028234869833,4076.0,,0.011998860501715784,0.6051040409932396
IOTXUSDT,42049.0,0.1,-3.0286284043016884,0.032305988354831935,0.9909663308679433,0.00917698437678393,4076.0,,0.012464230903563035,1.3350936092482062
IOUSDT,17222.0,0.2,-3.57001069764015,0.006360930241859824,0.9712554323137347,0.004733865446692306,3382.0,,0.014459057967099261,1.6012801445433336
IPUSDC,10817.0,0.25,-3.6657752942794444,0.004621136357720662,0.9500904670799736,0.016812864280715236,2804.0,,0.014047881130168428,1.7218198503706044
IPUSDT,11286.0,0.25,-3.854452522101263,0.0023968315135674914,0.94858322939584,0.018320678888914126,2804.0,,0.0158028650992,0.8296695713657453
JASMYUSDT,36025.0,0.1,-3.1630451608556656,0.022225920904905192,0.988347126657625,0.008526252345624178,4076.0,,0.012871505388822556,0.5730452693139535
JELLYJELLYUSDT,10308.0,0.05,-3.7954836372224947,0.002953862775607113,0.9905354207417545,0.021726778004676286,3237.0,,0.024843144333449488,0.3541358425569702
JOEUSDT,27784.0,0.15,-3.0513809054448293,0.03036677114446563,0.9862977175178733,0.01155556261396075,3901.0,,0.011708549074954559,1.338709686391971
JSTUSDT,9523.0,0.2,-2.964612682713613,0.038333902442676204,0.9844436447366057,0.028238800867020145,3382.0,,0.006409652650718991,1.3759029028660876
JTOUSDT,21685.0,0.15,-3.208725063153542,0.019485160731528284,0.9833025685822085,0.009792557146683586,3901.0,,0.013701544821190119,0.8826781475962348
JUPUSDT,20386.0,0.15,-3.516476500766997,0.0075738892231375235,0.979811686129084,0.012390515493662477,3901.0,,0.012453951914265632,0.717059356892699
KAIAUSDT,12998.0,0.2,-3.9027145394296108,0.002014960167592754,0.9575734790226573,0.0009377231228520041,3382.0,,0.00963944894740718,1.8173785774066364
KAITOUSDC,10818.0,0.15,-3.183263844034682,0.02097410296627958,0.9560805288393609,0.007989020527197391,3901.0,,0.011929184412094939,1.1219060162543972
KAITOUSDT,11127.0,0.15,-3.2032517583096545,0.019797224565471824,0.958317438129681,0.013478711552281997,3901.0,,0.013662470638019343,0.6122230525127523
KASUSDT,22202.0,0.15,-3.92180137282755,0.0018801324797140956,0.9816519691234278,0.014264698811255475,3901.0,,0.011472605318664902,0.8172885178923136
KAVAUSDT,51160.0,0.15,-3.213508247214386,0.019215963390175953,0.9919161925437509,0.009266946688969659,3901.0,,0.013004763402344844,1.3129501546697209
KERNELUSDT,9856.0,0.1,-3.5596332313459285,0.006581337473122156,0.9672456412657877,0.009962207354700907,4076.0,,0.015620367652497203,1.1350041705306058
KGENUSDT,5630.0,0.0,-4.024926201888044,0.001285469750721826,1.0,0.055468448504124336,1.0,,0.02384290799067852,0.34926047920085157
KITEUSDT,5101.0,0.2,-3.5643919434450844,0.00647942366292194,0.9304621651006382,0.024081302528421195,3382.0,,0.017423349931202942,0.2635316429818387
KMNOUSDT,12609.0,0.2,-4.500703308241829,0.00019606530201195238,0.9604001680706732,0.006816155941752601,3382.0,,0.012174633038001622,1.7175078625242233
KNCUSDT,52028.0,0.1,-3.402670349866738,0.010868175710598244,0.9934504728870326,0.010590181577088466,4076.0,,0.012529132240747969,0.7633933981967524
KOMAUSDT,12856.0,0.1,-3.0318674568327166,0.03202366111661846,0.9881801480170342,0.003820449531776134,4076.0,,0.01856302948015091,1.4181430454318813
KSMUSDT,49293.0,0.15,-3.6888467680805093,0.004272797645046828,0.9896565323000585,0.008297924938574895,3901.0,,0.012754850749956671,0.6704344409881823
LABUSDT,5385.0,0.25,-3.3211374203132293,0.01395966786710266,0.9607502122200893,0.03843857751331919,2804.0,,0.035721346329290235,1.0961270615850134
LAUSDT,8611.0,0.15,-3.063399045256742,0.029383087786254498,0.9815618487314218,0.009414372134705782,3901.0,,0.014393399369419671,1.7640232443641177
LAYERUSDT,11341.0,0.2,-3.292568056520768,0.015213968684574098,0.9705498583950138,0.00955761199059645,3382.0,,0.013275297782564997,1.5614010536296221
LDOUSDT,32296.0,0.1,-2.943276826398709,0.0405419933798855,0.991931435371179,0.013713282539087398,4076.0,,0.012130642992589839,0.8138791834556578
LIGHTUSDT,5873.0,0.05,-3.0289798084960706,0.032275256923735465,0.9706155406966054,0.02190406114978901,3237.0,,0.036842780591681355,0.7703841120669663
LINEAUSDT,6495.0,0.05,-3.0938314321958784,0.027013070869181744,0.9784387952617768,-0.016231659658482413,3237.0,,0.012968295321352623,2.7386175024789132
LINKUSDC,20012.0,0.1,-3.4889872511601427,0.00827447043398471,0.9844247234246876,0.016848912945836413,4076.0,,0.009576645961010452,0.562784808820522
LINKUSDT,55796.0,0.0,-2.8996332804396574,0.04539065858937544,0.9999999999999998,0.007080262724849668,1.0,,0.01155971916821181,0.4394390781381559
LISTAUSDT,17008.0,0.1,-3.4441897961945482,0.009541579895007746,0.9867081101899311,0.014414046642800759,4076.0,,0.014972823085572356,1.1743840717229221
LPTUSDT,39865.0,0.05,-3.0051220169798496,0.03441882911396047,0.9974905211046596,0.005955648381510476,3237.0,,0.013164154626401001,1.3134004747577035
LQTYUSDT,28240.0,0.1,-3.0629028415749477,0.029423157180043624,0.9896252237705236,0.013995389315431197,4076.0,,0.012366482585569284,0.9072254070676686
LSKUSDT,20534.0,0.2,-4.189095177953221,0.0006874724542290277,0.9756505918492782,0.010417691797576952,3382.0,,0.010729682100227596,1.5732680902753113
LTCUSDC,18693.0,0.1,-3.5191912098673095,0.007507687246737603,0.9842306496860673,0.01860831524411543,4076.0,,0.008444686818689243,0.5433393936854132
LTCUSDT,55983.0,0.05,-3.7546352309751994,0.0034070930954236303,0.9969992861565347,0.011181502435543044,3237.0,,0.009979542991988574,0.05687974022721364
LUMIAUSDT,12665.0,0.15,-3.2656585744008932,0.016485083408198223,0.956129557197606,-0.005327298559348359,3901.0,,0.013776868795089622,1.8931672578432064
LUNA2USDT,32593.0,0.15,-3.816619904858438,0.0027417762429026303,0.9856364346248512,0.0014248710711563999,3901.0,,0.012922641507517554,1.9736883357869868
LYNUSDT,5661.0,0.1,-3.129884320986025,0.02441921798274996,0.9450009995843696,0.021870329012849646,4076.0,,0.029215565089634087,1.0750142568723908
MAGICUSDT,29305.0,0.15,-3.3916639463631926,0.011246350942972006,0.9829733881412805,0.008906684004343508,3901.0,,0.013334864122190565,1.3219442915761315
MANAUSDT,45645.0,0.15,-3.994603499095794,0.0014390340241740964,0.9809913088640106,0.009922295441142986,3901.0,,0.012432000126032114,0.9328999881920143
MANTAUSDT,20702.0,0.15,-2.8676980462021726,0.04923528330262933,0.9843959683271818,0.0037242221644293656,3901.0,,0.01274447568742602,1.8157431777899407
MASKUSDT,41689.0,0.1,-3.6920339113877887,0.004226609844282718,0.9883019772776683,0.00803452644281294,4076.0,,0.013723605377879854,1.2403829644428235
MAVIAUSDT,10307.0,0.1,-3.3214725606121895,0.013945512742388786,0.9789365358886601,0.004491939030075426,4076.0,,0.016026886007748476,1.6146274413688964
MAVUSDT,25576.0,0.2,-3.720805193418982,0.003829847634348292,0.9808147258418587,0.009147956641066437,3382.0,,0.013115096867545528,1.7162016180909643
MBOXUSDT,15355.0,0.15,-3.236069124546415,0.017989513801819273,0.9773582754879971,0.010951741493526021,3901.0,,0.012989205502174552,1.7051655730679849
MELANIAUSDT,11875.0,0.0,-6.8332206721303015,1.8706082045352086e-09,0.9999999999999999,-0.04049729704950801,1.0,,0.014745182799830102,2.933386608069557
MEMEUSDT,22528.0,0.2,-3.6398285075405603,0.005043687450852893,0.9801585798819137,0.007818347951176526,3382.0,,0.014278837520060777,1.8160855579263258
MERLUSDT,8780.0,0.25,-3.414042507605238,0.010489377380983782,0.9350888620476296,0.01688910802984335,2804.0,,0.01733209851564537,1.0710480317214588
METISUSDT,19412.0,0.2,-4.006364219658084,0.00137755052459472,0.9743988213776629,0.004460833208069351,3382.0,,0.01222368471224401,2.173611847225352
METUSDT,5531.0,0.0,-3.9257149095143213,0.0018535422173375574,0.9999999999999998,-0.02317601466119564,1.0,,0.013685022083813952,2.4315977162606313
MEUSDT,12851.0,0.25,-4.246352732477248,0.0005494581680099735,0.9680724977541054,-0.0008060213245487071,2804.0,,0.011984977967931161,2.9649290100562022
MEWUSDT,17078.0,0.15,-2.8993440044491585,0.04542433402541727,0.9808773337170689,0.012781355885686765,3901.0,,0.01328586654562146,1.2954874406964267
MINAUSDT,28985.0,0.2,-4.191391149201013,0.0006813615736404314,0.9773895518228995,0.010281164324053425,3382.0,,0.011317761713763086,1.4112907179407193
MIRAUSDT,5896.0,0.0,-5.908489741807068,2.6733414593900913e-07,1.0,-0.05168423812855824,1.0,,0.012676394088796417,2.9720424549927404
MITOUSDT,6588.0,0.15,-3.1578632723616535,0.022556986313813573,0.922904271378512,0.016769025160624423,3901.0,,0.018207962335002523,0.9181394309457463
MOCAUSDT,12708.0,0.2,-3.098748702768762,0.02664592877228711,0.9747378823811729,0.006987719346230047,3382.0,,0.012862488640383411,1.9861648965349152
MONUSDT,5559.0,0.0,-3.360989688393935,0.0123628303009191,1.0,0.004717661525820718,1.0,,0.018238386674764424,1.0656079085676737
MOODENGUSDT,13961.0,0.15,-3.6698359508395155,0.004558008718642535,0.958758251953112,0.013944726836038285,3901.0,,0.01939956354333023,0.48296457872411813
MORPHOUSDT,13161.0,0.05,-3.4663400174963432,0.008894822981177794,0.9955020336639318,0.022695092917574905,3237.0,,0.013178785535528557,0.2554144279579215
MOVEUSDT,12873.0,0.2,-3.1758851622836635,0.021423665976615748,0.9767521141589297,0.006464727227745468,3382.0,,0.013535217719529796,2.4971666446435306
MOVRUSDT,21255.0,0.15,-3.8591572635786955,0.0023568574106120252,0.9774806960390705,0.006975263396257374,3901.0,,0.013806751267216434,1.4873077111613102
MTLUSDT,45260.0,0.1,-4.0669363001787735,0.0010978474769727407,0.9920408323235506,0.008545478577129652,4076.0,,0.012626652758334501,1.1610364402274926
MUBARAKUSDT,10527.0,0.0,-3.0075977953098385,0.034190928107548535,1.0,0.00891991266711634,1.0,,0.01772403906827455,1.1651883101541909
MUSDT,7843.0,0.0,-3.1751270786459322,0.0214703241715958,1.0,-0.004180707535579504,1.0,,0.019951732824853914,1.5534888442670027
MYXUSDT,8296.0,0.25,-3.4617685978548485,0.009024989824346095,0.9361715084230595,0.004706832072605782,2804.0,,0.031041887328855287,0.35140817992622003
NAORISUSDT,7264.0,0.0,-3.0353625226126524,0.03172137146973108,1.0,0.034897978539665565,1.0,,0.03176840165776039,0.16693470329097423
NEARUSDC,18693.0,0.1,-3.00779744626478,0.03417260551280606,0.9862971322265737,0.006567034170339503,4076.0,,0.010905572586871857,0.7425179832201311
NEARUSDT,49268.0,0.1,-4.045670765663455,0.0011893689750082914,0.9871992463054539,0.00835707386971218,4076.0,,0.013537010191439318,0.2529036954856882
NEIROUSDT,14897.0,0.15,-3.272763114503947,0.0161407382943361,0.9620569730702886,0.011503974766664222,3901.0,,0.016957402942275678,0.6852503408184409
NEOUSDC,18524.0,0.15,-3.3168183468025987,0.014143229055441527,0.9791989145375731,0.008877736818188467,3901.0,,0.009666424695897713,1.3534754018117716
NEOUSDT,55047.0,0.1,-3.2550548722191137,0.01701101896442113,0.992620924034789,0.00990503136636534,4076.0,,0.011447253999817567,0.6157763271909303
NEWTUSDT,8270.0,0.1,-4.163902985259227,0.0007579934639650698,0.9289291035085856,0.011510177537272497,4076.0,,0.013744605879630856,1.0006614439473012
NFPUSDT,21231.0,0.2,-3.5852178401143444,0.0060500012789595275,0.9788759162814555,0.005313166634086307,3382.0,,0.013228996715892978,2.505955980080452
NILUSDT,10359.0,0.2,-3.7526856426876773,0.0034302426496351465,0.934801681349975,0.00228325021412751,3382.0,,0.01568684845260724,1.5155932583972271
NMRUSDT,25744.0,0.1,-3.9629133718211964,0.0016176551762935754,0.9839986628468894,0.015530773513488999,4076.0,,0.012358866731908487,0.2511958586340481
NOMUSDT,5780.0,0.15,-3.326335326290395,0.013741549146404856,0.9458601471959441,0.00030975314083477994,3901.0,,0.020747332994690122,1.86077153796575
NOTUSDT,17841.0,0.2,-3.836139168603624,0.002558468233553524,0.9729281973455939,0.008752522398225855,3382.0,,0.014199834114974524,1.3920369793062781
NXPCUSDT,9118.0,0.0,-3.631432309476503,0.005187774014427943,1.0,-0.015778309919472457,1.0,,0.011022392557852895,1.8629001964734788
OGNUSDT,45237.0,0.1,-3.388142809775539,0.011369785115089627,0.9939813986524808,0.004251090700872053,4076.0,,0.01412015910597952,1.4874368798421664
OGUSDT,9187.0,0.25,-3.795802917343466,0.0029505497294993774,0.9175578834303801,0.013278746455455692,2804.0,,0.013060285610138637,0.5224347006644599
ONDOUSDT,20655.0,0.15,-4.102013325129259,0.0009611295119993685,0.9735698859418214,0.00820657814228892,3901.0,,0.013103311220380295,0.3212746348191071
ONEUSDT,45573.0,0.15,-3.377871583387852,0.011736759630978385,0.9858815219736252,0.008425431738064959,3901.0,,0.01355695684704303,1.3035445870099565
ONGUSDT,21951.0,0.15,-3.506217188660962,0.007828851753698974,0.9861850306341101,0.011295470380750796,3901.0,,0.010455425533631062,1.3020353171528734
ONTUSDT,55196.0,0.1,-3.3004966559904383,0.014856288546896938,0.9939228734035838,0.008615928517063274,4076.0,,0.012216008987617284,1.0022778482867223
ONUSDT,5228.0,0.0,-4.710118969977629,8.054561575173174e-05,0.9999999999999999,0.02202143940026459,1.0,,0.020800894126240185,0.6969311368763924
OPENUSDT,6322.0,0.0,-4.163354677062316,0.0007596013393825613,1.0,-0.02123344744727428,1.0,,0.01465860148986238,1.818624484618548
OPUSDT,35001.0,0.15,-2.951967171826341,0.039630098145362065,0.9870662480479679,0.013333581764445808,3901.0,,0.012409454131728488,1.0352455695655358
ORCAUSDT,12944.0,0.0,-3.110241565320001,0.025804492315922464,0.9999999999999999,0.005011205587149885,1.0,,0.014614403037101278,1.0516300296315215
ORDERUSDT,5896.0,0.05,-4.489109724657824,0.00020574418083418083,0.9451478313308117,0.008832572268103644,3237.0,,0.01471774204291327,1.2871296630608369
ORDIUSDC,19869.0,0.15,-3.245852272619228,0.017479324015747342,0.9765295085909134,0.005175390436742544,3901.0,,0.013713282730192946,1.531515097835372
ORDIUSDT,22427.0,0.15,-3.1676936985811146,0.021932520081112378,0.9808344573237019,0.010122547289766519,3901.0,,0.014822296238652367,0.5275466054321704
PARTIUSDT,10335.0,0.1,-4.017445271919277,0.0013218676678374947,0.9686289626971438,0.013497010084946857,4076.0,,0.017674721123874453,1.2135290749823457
PAXGUSDT,10290.0,0.1,-3.1736398841969806,0.021562113520927118,0.9609635424197415,0.0026879073255691656,4076.0,,0.0027422353413703374,1.4145534445088208
PENDLEUSDT,24890.0,0.1,-3.631433111406655,0.005187760075585369,0.9764233479240474,0.00699876995687395,4076.0,,0.012559501093743656,0.2837863436451275
PENGUUSDC,7461.0,0.1,-2.8759074973264096,0.04822221487239084,0.9452898025221871,-0.0008688833056745535,4076.0,,0.012220569796607857,1.605180969943245
PENGUUSDT,12679.0,0.2,-3.9261633645202245,0.0018505175965506996,0.9241587530774592,0.009722234520407061,3382.0,,0.015221445939294797,0.825647384730094
PEOPLEUSDT,38831.0,0.05,-2.894327775431614,0.04601158719372508,0.9972167524554765,0.008544997166369046,3237.0,,0.016079553333382488,1.0371139387669153
PHAUSDT,12377.0,0.15,-3.8346107394142703,0.002572403291133992,0.9616193565366806,-0.00196396674015449,3901.0,,0.013874133360379326,1.5284518699836767
PIPPINUSDT,11777.0,0.2,-3.962684039452927,0.0016190198434609746,0.9198154598560325,0.011739672147024075,3382.0,,0.030331228647095337,0.5688890894964951
PIXELUSDT,19933.0,0.2,-3.6540344320994187,0.004808172833249341,0.9694342367504126,0.003686300240928114,3382.0,,0.014439360602979503,2.1708103798708485
PLAYUSDT,7267.0,0.15,-3.4880455730237343,0.008299469513658947,0.9607833750617409,0.02755576417190925,3901.0,,0.027202867448466977,0.39917363914986265
PLUMEUSDT,10431.0,0.2,-3.247207230387491,0.017409671406785763,0.9480660747918846,0.00375031725936912,3382.0,,0.013540535334012078,1.9999530748428127
PNUTUSDC,10770.0,0.15,-3.1206670274045045,0.02506106273912062,0.9658292729403033,0.012328092859405594,3901.0,,0.013776332110759076,0.8869806889858853
PNUTUSDT,13552.0,0.2,-4.255918456928092,0.000529115836654515,0.9486351688727203,0.01024914950829628,3382.0,,0.017122794191695215,1.002500642119439
POLUSDT,14967.0,0.15,-3.6320203379233233,0.0051775622694270875,0.960955428207009,0.009719071379598043,3901.0,,0.009550319233454549,1.3146687696226038
POLYXUSDT,22749.0,0.15,-3.600730666936752,0.005747074322102051,0.9846759788459136,0.011415113677981124,3901.0,,0.011857599491598658,0.9749375819053523
POPCATUSDT,15490.0,0.15,-3.3484694005481557,0.01284610958819559,0.9645800616317708,0.010889034552424733,3901.0,,0.016562961639792453,1.1671268191504673
PORTALUSDT,19692.0,0.2,-3.694155907470596,0.004196111514170482,0.9794713630902406,-0.00026084262587877026,3382.0,,0.014634422198026324,2.818521065962168
POWRUSDT,22706.0,0.15,-3.9147507935316193,0.001928931792400303,0.9818276838591581,0.013323419290637361,3901.0,,0.010594954079840076,0.8560682177179139
PROMPTUSDT,9934.0,0.05,-3.349039174975294,0.012823758065769755,0.9972114288740346,0.013264926867154695,3237.0,,0.017605852038955407,0.979079157380791
PROMUSDT,11992.0,0.25,-3.366474881014341,0.012156234210911566,0.9311950903290385,0.015805089136361028,2804.0,,0.01167591037319463,1.6883799774087622
PROVEUSDT,7139.0,0.1,-4.433439411283236,0.0002588944331907322,0.9207634505928437,0.014843696421038966,4076.0,,0.012801211970524019,0.9826283119777572
PTBUSDT,6448.0,0.05,-3.1028062247853407,0.026346211100181968,0.9848918209700787,0.008238061245885492,3237.0,,0.025351712057309902,1.730319122005059
PUMPBTCUSDT,8418.0,0.1,-3.0574355498469643,0.029867747276531523,0.9614384053205014,0.030639974585322735,4076.0,,0.028858806456190458,0.5044204009528614
PUMPUSDT,7773.0,0.05,-3.0484883151296724,0.03060767457850107,0.98551204383999,0.01681886421479586,3237.0,,0.015363267120705806,0.7993986512510064
PUNDIXUSDT,9474.0,0.15,-3.248862120614518,0.017324930364582262,0.9732614677731064,0.007364773939769616,3901.0,,0.008922943831074722,1.6141642978805733
PYTHUSDT,22070.0,0.15,-3.3857377934199433,0.011454784905178704,0.982537987430593,0.011026244062076106,3901.0,,0.012677498412637473,1.2180880417898945
QNTUSDT,31634.0,0.0,-3.5999576991560236,0.005761836504090477,1.0,0.016776254032828935,1.0,,0.008822580905481915,0.546237271365983
QTUMUSDT,54975.0,0.1,-4.045203112491722,0.0011914594663559358,0.9898191094452783,0.010983796303217374,4076.0,,0.012199116942491383,0.3609319489803273
QUSDT,6477.0,0.0,-3.06729770013706,0.029069881391318005,0.9999999999999999,0.03907464386157532,1.0,,0.030684401401708937,0.19278029866692373
RAREUSDT,15663.0,0.1,-2.932250703043041,0.041724165863756074,0.9909100063762994,0.012310221767929902,4076.0,,0.014040651618329751,0.9713841329918159
RAYSOLUSDT,12856.0,0.2,-3.78240548825999,0.0030925477230362114,0.95510805044586,0.009164975244618321,3382.0,,0.01317177395343247,1.2077370730560208
RECALLUSDT,5440.0,0.0,-3.5691297772245107,0.00637937731257562,0.9999999999999998,-0.019277051320013488,1.0,,0.01890639658351011,1.8594810272949853
REDUSDT,10788.0,0.15,-2.9680577294999337,0.037987006458189705,0.9727687122111732,0.011489919156825668,3901.0,,0.013551212572455658,1.3120925462061195
RENDERUSDT,16145.0,0.1,-3.422174821365546,0.01022576495885193,0.981194943700061,0.010498801842318054,4076.0,,0.012284445491166657,0.7943001376084428
RESOLVUSDT,8487.0,0.15,-3.0624027891626575,0.029463584530519137,0.9702901910636281,0.021269253170471517,3901.0,,0.019061757542930872,1.2650281536820212
REZUSDT,18230.0,0.15,-3.5433527878965663,0.006941057888691748,0.9776881990544146,0.0007328312732410113,3901.0,,0.014882334524990926,1.8618193996742973
RIFUSDT,22840.0,0.1,-3.9618338994053715,0.0016240880350112865,0.9816445059335961,0.009385476494893241,4076.0,,0.01159860753679376,0.318122430230925
RIVERUSDT,5385.0,0.1,-3.5766106882619666,0.006224250617515821,0.9301969529822999,0.02131896189970186,4076.0,,0.03300188423579431,0.2189091531342726
RLCUSDT,51093.0,0.05,-3.4076089611474907,0.010702201423088323,0.9974741538071829,0.013450065858643402,3237.0,,0.013965135620650904,0.29860997984849363
RONINUSDT,20256.0,0.25,-4.125994093199,0.0008770179830523774,0.9731020475440655,0.010463334805784544,2804.0,,0.009926935239587535,2.45628586134752
ROSEUSDT,38665.0,0.15,-4.34748043553411,0.0003672289801329809,0.9787846007936156,0.005673892854066666,3901.0,,0.01200704827452628,1.5967548778961222
RPLUSDT,15064.0,0.15,-3.6189625109140082,0.005408683548399484,0.9639753776574036,0.009816830776416926,3901.0,,0.012404370769270319,1.304686123046083
RSRUSDT,49173.0,0.1,-3.727011535938745,0.0037488622832516985,0.991492582247687,0.00848677174556061,4076.0,,0.014723558125045841,0.5565311491536933
RUNEUSDT,50253.0,0.1,-3.019324225100429,0.03312874682285813,0.9904881375140323,0.008214580009733935,4076.0,,0.01399441489971641,0.1408938855527314
RVNUSDT,46119.0,0.1,-3.6442855189453076,0.004968689742309927,0.9934656302649496,0.006056197842670377,4076.0,,0.012643719951432741,1.3045053816668968
SAFEUSDT,13960.0,0.15,-3.040266251149705,0.031301335240162195,0.9738461520541828,0.0019470144539382016,3901.0,,0.012284525864464962,1.7318201947103382
SAGAUSDT,18738.0,0.25,-4.199291190578573,0.0006607229294321943,0.9721037343316218,0.003928670220785796,2804.0,,0.01510871038030031,2.9031652201134714
SAHARAUSDT,8104.0,0.15,-3.331068671200875,0.013545551017730823,0.8375881096746838,0.005406269251856713,3901.0,,0.014554188215178537,0.9582430420725326
SANDUSDT,46821.0,0.15,-3.776371030810343,0.0031585363187467234,0.9803552215613994,0.008107104806151557,3901.0,,0.013601531684603234,0.10026445611146075
SANTOSUSDT,13886.0,0.15,-4.051268821636159,0.001164609082617622,0.9646261404799823,0.009041639218958975,3901.0,,0.010512130529170504,1.7327170406474803
SAPIENUSDT,6779.0,0.15,-3.7300382717687355,0.003709938714699063,0.9158443761263376,0.031162196500147687,3901.0,,0.023058203322798756,0.19055391544173342
SCRTUSDT,13313.0,0.1,-3.467967555580095,0.008848888329582758,0.9823857139948228,0.013222671237641167,4076.0,,0.01356107590219061,0.9715346788564618
SCRUSDT,14034.0,0.2,-3.3276640686429215,0.013686277118321885,0.965015696074082,0.00474663978438723,3382.0,,0.013377226137922155,2.124452517643399
SEIUSDT,24405.0,0.15,-3.2224837960207067,0.01871956303369395,0.9812646379989147,0.01207955502726612,3901.0,,0.01230716828463673,0.551969053380954
SFPUSDT,46095.0,0.05,-3.45876962093289,0.009111307725133197,0.9974320794707765,0.010418201719997997,3237.0,,0.012291571421334227,0.7745980863726967
SHELLUSDT,11195.0,0.15,-3.1638766512002623,0.02217319157597282,0.9725794686394433,0.003579085099613837,3901.0,,0.0145364005263918,1.7459259611834685
SIGNUSDT,9521.0,0.15,-2.900125045590337,0.04533345830366807,0.9546903054316657,0.023809978200660324,3901.0,,0.013726160478018666,1.3998196302657704
SIRENUSDT,10406.0,0.1,-2.989706828228007,0.03586689835619219,0.9862682104676376,0.021745498408435142,4076.0,,0.03747412417367707,0.488924060836376
SKLUSDT,47973.0,0.1,-3.2414225695922765,0.01770874172915049,0.9933259563887276,0.009234119504934935,4076.0,,0.01498760025329456,0.9317645346337988
SKYAIUSDT,9163.0,0.2,-3.5669972783376886,0.006424233892677413,0.9659314015452813,0.02136158546108438,3382.0,,0.0231337766085429,0.5595112786352535
SKYUSDT,6309.0,0.05,-3.1447405886133395,0.023414531435893202,0.9884533363363,0.027226204413692986,3237.0,,0.008401396772749512,0.2351857759786572
SLPUSDT,7457.0,0.1,-3.3549274808036906,0.012594778076009948,0.9518091522987528,0.002560512372031857,4076.0,,0.010420890063042918,1.4455254672847941
SNXUSDT,50752.0,0.1,-3.1450472506518725,0.023394174596103885,0.9947857386591432,0.009277308101885224,4076.0,,0.014076132548557515,0.9275987501822147
SOLUSDC,21040.0,0.1,-3.2796412793580028,0.01581340124895929,0.9872133329202485,0.016915950355218784,4076.0,,0.009121556635112682,0.13954081989367662
SOLUSDT,50013.0,0.05,-3.1875821099404256,0.020714821712514275,0.9975322192756781,0.00025701701814166364,3237.0,,0.01280412641222251,1.1188006875343597
SOLVUSDT,11944.0,0.2,-3.4485251881326424,0.009411774480384012,0.9705665474771042,0.004208830649543726,3382.0,,0.016389748835354007,2.006969323755367
SOMIUSDT,6667.0,0.05,-3.7843088942034435,0.003071997854735659,0.9828680949473549,0.0014758569659954952,3237.0,,0.019043601567030163,1.4427848862975705
SONICUSDT,12165.0,0.2,-3.3832514281217163,0.01154325363561416,0.9755001262374301,-0.0026790500375365876,3382.0,,0.011828659014926262,2.5471652242223106
SOONUSDT,8924.0,0.1,-3.6031820854318704,0.005700483701596025,0.9845590667576156,0.016190466977777655,4076.0,,0.02206489801884885,0.5817905534300547
SOPHUSDT,8799.0,0.1,-3.721731935637242,0.0038176538828514064,0.9720072644477029,0.00017875471194950647,4076.0,,0.011537622389804335,2.088682842353603
SPELLUSDT,32680.0,0.1,-3.609724853533901,0.00557780808295326,0.9902512174544013,0.012864609857477463,4076.0,,0.011394360811028898,1.0885562832906028
SPKUSDT,8323.0,0.15,-3.7210712799129713,0.0038263429166084557,0.9209626982086921,0.01512746315837135,3901.0,,0.015478597377819587,0.5739739860704203
SPXUSDT,12856.0,0.15,-3.0347185141023685,0.0317768891367116,0.9680126970954096,0.017499162741226048,3901.0,,0.01750971472028941,0.3419383395879765
SQDUSDT,8464.0,0.05,-3.3675027286849004,0.012117863804685958,0.9915586652477524,0.008570172256711169,3237.0,,0.018127854820102013,1.2122099272273306
SSVUSDT,28576.0,0.15,-3.3039737741922326,0.014701778409473369,0.9849631150924841,0.010325176047225037,3901.0,,0.012816607640872531,1.2983018231746903
STBLUSDT,6119.0,0.05,-4.974146612099064,2.4961907800412066e-05,0.9677150320047319,0.006925829359928779,3237.0,,0.0213518928477919,1.1383454907424404
STEEMUSDT,22405.0,0.15,-4.02169414174485,0.0013010789140064343,0.9812494511777881,0.01236766657400784,3901.0,,0.010253261612397011,1.1006049301077756
STGUSDT,32968.0,0.1,-3.2642695091002087,0.016553157642827266,0.9912866336659423,0.00834783404060408,4076.0,,0.010644344841834583,0.8112394126753073
STORJUSDT,49960.0,0.1,-3.7895107458364485,0.003016475569108611,0.9911420251988222,0.011766613984755961,4076.0,,0.013674263553641342,0.5060444697143925
STOUSDT,9902.0,0.1,-3.38886050054242,0.011344528941304399,0.9814686808033518,0.03390107832786725,4076.0,,0.021290565603058673,0.29605902012125723
STRKUSDT,19906.0,0.15,-3.040992096615569,0.031239565430627517,0.9796544482051468,0.0027514647266038282,3901.0,,0.012826949788754429,2.1993005884856647
STXUSDT,28646.0,0.15,-3.2542084778296134,0.017053626546665607,0.9801668583413031,0.010967009755400759,3901.0,,0.011608806529021434,0.4829461375858702
SUIUSDC,20205.0,0.15,-3.5603987298484827,0.0065648461394593,0.9602371683666043,0.01186307050948829,3901.0,,0.011556665868727448,0.3169201015269144
SUIUSDT,26940.0,0.1,-3.355819429890485,0.012560410645374248,0.9818444604032514,0.00899228286657824,4076.0,,0.011629118079873343,0.2129071550212439
SUNUSDT,15490.0,0.0,-3.321174928433419,0.013958083028052223,1.0,0.027107424020496717,1.0,,0.008711113555815685,0.1816061240937821
SUPERUSDT,21975.0,0.15,-3.099221644403483,0.026610843930895748,0.982892075138155,0.01422706265070384,3901.0,,0.013691808738638296,0.667783571740053
SUSDT,11965.0,0.2,-2.91922944014639,0.04315713635439346,0.9709049950735222,0.005942302767886324,3382.0,,0.011745991541914696,2.3182921800372176
SUSHIUSDT,50252.0,0.1,-3.1679606410879413,0.021915773913286467,0.9945292005063237,0.0081912235780979,4076.0,,0.015599944809621133,0.9134906987004523
SWARMSUSDT,12184.0,0.0,-4.194138595679031,0.0006741161678750602,0.9999999999999999,-0.006332063640967234,1.0,,0.02233087560692273,1.7124861937607043
SXTUSDT,9428.0,0.0,-3.6758214892073053,0.00446639010364366,1.0,-0.021762643582895955,1.0,,0.01439293231841349,2.86727891640172
SYNUSDT,15640.0,0.1,-2.9505641514436105,0.03977614696702347,0.9847877855942481,0.008156902818721185,4076.0,,0.014030460085978094,1.362036241977492
SYRUPUSDT,9308.0,0.15,-3.863004976338517,0.002324623935557086,0.9457713244600853,0.02559956434333476,3901.0,,0.01200503451195712,0.3271179998570594
TACUSDT,7650.0,0.25,-4.432258036377073,0.0002601524867685511,0.9460729929251847,0.013357161097876906,2804.0,,0.01973883140164917,0.19692301795287967
TAGUSDT,7409.0,0.2,-4.098590079178573,0.0009737348397031197,0.9546850075737798,0.03179047148514889,3382.0,,0.021372282522925678,0.37646681863256687
TAIKOUSDT,8464.0,0.1,-3.8547540093737767,0.002394251248219393,0.960935394315406,0.003313367068829461,4076.0,,0.008906491572444018,2.030349261782314
TAKEUSDT,6449.0,0.05,-3.310552366892398,0.014413322437223224,0.9533810401258683,0.013166795730540934,3237.0,,0.024228377163990244,0.9076774039015532
TAOUSDT,18686.0,0.0,-3.078963106499169,0.028149692936839565,1.0,0.017241538278349094,1.0,,0.012382541381448686,0.601569367292248
TAUSDT,7509.0,0.0,-3.290787443483331,0.015295331926242214,1.0,0.02099690545939672,1.0,,0.025703296179519407,0.43719112672516763
THETAUSDT,52646.0,0.15,-4.178304327702796,0.0007168892516947157,0.9799883767125166,0.008263155005535055,3901.0,,0.012712382883113969,0.2905953036738443
THEUSDT,13167.0,0.15,-3.679798302774415,0.004406450923507955,0.9723545413723684,0.000724567732339692,3901.0,,0.015020361557375314,1.9134884018193279
TIAUSDC,18357.0,0.2,-3.4875759684102303,0.0083119616246402,0.9792267700628772,0.0048723310240025314,3382.0,,0.012276678749248109,1.9488646340767946
TIAUSDT,22594.0,0.2,-3.838698747258717,0.0025352878172473165,0.9820096321958461,0.01027487794404592,3382.0,,0.013347521652792689,0.8355996639981264
TLMUSDT,27760.0,0.15,-3.3240744712800963,0.01383604806245959,0.9869186892030858,0.010746552790116012,3901.0,,0.011466144303916462,1.3546564441688596
TNSRUSDT,18755.0,0.15,-3.528498374512354,0.007284658865014201,0.9777574521364759,0.0033440364827411733,3901.0,,0.015967029581616998,1.7963347967582046
TONUSDT,19672.0,0.15,-3.5960511628751344,0.005836971347426279,0.9771259356467287,0.010061889247404815,3901.0,,0.009069034517762862,0.3431274902123424
TOSHIUSDT,6119.0,0.05,-3.5737841249868487,0.006282457195373073,0.9617774128420832,0.006458862393394597,3237.0,,0.01267793284208997,1.7101215644894505
TOWNSUSDT,7142.0,0.1,-4.36516892357798,0.0003419203422177529,0.9110752707849561,-0.0022748604862273167,4076.0,,0.014022719579623167,2.0714771727347947
TRADOORUSDT,6064.0,0.2,-2.8883550158621647,0.046719005219283946,0.9410263081136737,0.034031565418033455,3382.0,,0.0363681683541996,0.6973773065563676
TRBUSDT,50277.0,0.05,-3.2799690343071464,0.015797949867381117,0.9972338090778179,0.011418321465208698,3237.0,,0.016367456954620583,0.3508255370070744
TREEUSDT,7310.0,0.1,-4.813551619936447,5.123086405145607e-05,0.8847000156445352,-0.011168074589971376,4076.0,,0.013981240201217332,2.108618654479403
TRUMPUSDC,10794.0,0.2,-3.4806517211121624,0.008498127016830585,0.9733880582733456,0.014822548506710168,3382.0,,0.009778152189960877,1.8666129900264916
TRUMPUSDT,11914.0,0.2,-3.4225056135645757,0.010215168500134767,0.9752393464987634,0.012077663983219354,3382.0,,0.013851114722212895,1.6236523267185032
TRUTHUSDT,5776.0,0.2,-4.10330233021363,0.0009564227564246746,0.9240071122406337,0.03866349733780396,3382.0,,0.026403618187675636,0.1575576363252415
TRXUSDT,55844.0,0.1,-3.130205887145199,0.024397083948702342,0.9953642173250938,0.0038015263585665917,4076.0,,0.008612452351712825,1.4808574383750666
TSTUSDT,11391.0,0.0,-3.2066584441537764,0.019602482960594605,1.0,-0.006074424436618107,1.0,,0.019305110396187014,1.3997223126117058
TURBOUSDT,17504.0,0.15,-3.631045144775641,0.005194507542244728,0.969881062588769,0.013486205823002018,3901.0,,0.01566124599783638,0.8759667962102825
TURTLEUSDT,5269.0,0.0,-3.6146283051939565,0.005487446075727021,1.0,-0.014821546395648639,1.0,,0.013295972435724442,1.6461747889408138
TUSDT,29127.0,0.15,-4.281508148143819,0.0004781309084228276,0.9832394505866279,0.01332443934044437,3901.0,,0.009971040713074926,1.3422719706477149
TUTUSDT,10459.0,0.15,-3.268243044952718,0.016359079347212473,0.9527069929440504,0.014662760249503717,3901.0,,0.019434165523050665,0.7615137135389207
TWTUSDT,22521.0,0.1,-3.5485993339929114,0.006823240642511211,0.9873297486434873,0.018127847679893217,4076.0,,0.009406735298238786,0.7226366620622933
UBUSDT,6234.0,0.2,-2.9309550246556344,0.04186495221587845,0.9666206013989697,0.034321664154536705,3382.0,,0.024765969366489327,1.0357618301829894
UMAUSDT,26776.0,0.15,-4.119939709810954,0.0008975771586405305,0.9799531592484223,0.012978067633910066,3901.0,,0.012034149818751928,0.9218699640207916
UNIUSDC,8348.0,0.15,-3.849555076255761,0.0024391074229319566,0.9349655310446507,0.01660849419481204,3901.0,,0.0101523212280115,0.9742574796676688
UNIUSDT,49917.0,0.05,-3.0945860677340726,0.02695644667605808,0.9972903149732819,0.01111609237910574,3237.0,,0.012319767441541252,0.20862378925405523
USDCUSDT,28187.0,0.0,-64.94337505418946,0.0,1.0,-0.13235190574781563,1.0,,0.0001894893882662068,1.4970974084218245
USELESSUSDT,6899.0,0.15,-3.007132789666047,0.03423363534376113,0.8950311231359446,0.006169217402167218,3901.0,,0.02079000478910324,0.9029386575342042
USTCUSDT,21952.0,0.1,-3.5841863561899365,0.00607064768211186,0.9897821011588088,0.006842361903469218,4076.0,,0.013924335673936288,1.1145812299326365
USUALUSDT,12663.0,0.15,-2.966185726080118,0.038175177780153745,0.9775784497539945,-0.003962695581017099,3901.0,,0.01488739306339394,2.478418319655272
VANAUSDT,12706.0,0.15,-3.458692340252284,0.009113541796980765,0.981091572354804,-0.002945971986590007,3901.0,,0.012751439230942015,2.022863146855041
VANRYUSDT,19379.0,0.2,-3.516648147086676,0.00756968786472202,0.9750225775324532,0.004727145363021439,3382.0,,0.013277250709665392,2.3040186499801134
VELODROMEUSDT,12780.0,0.15,-3.110578633568075,0.02578016296092816,0.9766250581477165,-0.007342749491166351,3901.0,,0.011855599968537325,2.159418671731837
VELVETUSDT,7651.0,0.1,-3.4587789852016106,0.009111037051109477,0.9573699172138717,0.02082612362637217,4076.0,,0.019232679322654118,0.0852815457192802
VETUSDT,55119.0,0.1,-3.4632308649867904,0.008983168612301716,0.9892486944822273,0.008070423330360971,4076.0,,0.012326045236864572,0.09972374183041323
VICUSDT,10643.0,0.15,-2.9570985454883023,0.039099761231442834,0.975328420631326,0.008981907002563934,3901.0,,0.013148523360939881,1.6871963053405277
VIRTUALUSDT,12856.0,0.1,-3.9966037955680176,0.0014283995547355642,0.9811560993477895,0.015848612496535464,4076.0,,0.015473171405702936,0.4676728829063896
VTHOUSDT,11822.0,0.2,-3.568379031949338,0.006395136622640593,0.9719178632439829,-0.0048612602897765665,3382.0,,0.010525339544394776,2.479695022661285
VVVUSDT,11660.0,0.2,-2.97793302316542,0.03700720116216428,0.9663985125325081,0.018154079673911232,3382.0,,0.016683607549786227,0.2712643956815658
WALUSDT,10285.0,0.2,-3.586960981533472,0.006015254766236727,0.9601685103273039,0.012978608275741271,3382.0,,0.011821288873022416,1.724832866047006
WAXPUSDT,22910.0,0.15,-2.9697164289291798,0.03782092755554694,0.987668045432693,0.009473769737982888,3901.0,,0.009549225129403387,1.6782958925980533
WCTUSDT,9833.0,0.1,-3.734257118663067,0.003656302250530768,0.9695649736044595,0.010101147900056387,4076.0,,0.01435027049326902,1.2876989693775982
WIFUSDC,18861.0,0.15,-2.993649294097113,0.03549174767232442,0.9772526426601427,0.007794345334850086,3901.0,,0.014553186091327589,1.4934917266198153
WIFUSDT,20697.0,0.15,-3.1931975664012495,0.020381822733833425,0.9776520167475833,0.011663710835682947,3901.0,,0.016891027087186625,0.3123611249557843
WLDUSDC,19365.0,0.15,-3.450066438364064,0.00936601039365887,0.9782387376692031,0.0024243582901358183,3901.0,,0.013042813718052737,1.9096528459417097
WLDUSDT,24976.0,0.15,-3.2756719292444716,0.016001586118834992,0.9803727807158846,0.011705469170087334,3901.0,,0.013806536353877089,0.9876394844106106
WLFIUSDC,6332.0,0.2,-4.034974440711566,0.001238050288738726,0.9232075498128748,0.020392935633616563,3382.0,,0.011380997848576766,1.3839476038989518
WLFIUSDT,6716.0,0.15,-2.93672925394216,0.041240571965450314,0.9569964405225423,0.009074499694463355,3901.0,,0.013250979335841904,1.6763755545995986
WOOUSDT,36312.0,0.15,-3.1781124520896267,0.0212870903384537,0.9876625861644858,0.009351135084617023,3901.0,,0.012062321464200495,1.5449597839746914
WUSDT,18872.0,0.2,-3.4411884667451846,0.009632378344390626,0.9785097477939214,0.002970012104213003,3382.0,,0.01294933400893851,2.6584284337968844
XAIUSDT,20918.0,0.2,-3.6511372926451013,0.004855374098618726,0.9777942108170091,0.006744070339364576,3382.0,,0.01381145486779241,2.087268966688271
XANUSDT,5826.0,0.0,-3.4628183655622564,0.00899494857391501,1.0,-0.019126728038155714,1.0,,0.01913381804401227,1.8015121185068983
XLMUSDT,55724.0,0.05,-3.049420780132601,0.030529839037772212,0.9971759223760407,0.008519111273663536,3237.0,,0.011373422479756671,0.5623167386770866
XMRUSDT,55388.0,0.05,-3.971769661646642,0.0015657655111820268,0.9976007098277224,0.010051869624439628,3237.0,,0.009688572940384447,0.7354331170761039
XNYUSDT,6953.0,0.0,-3.636487956303799,0.00510057246351819,1.0,0.034262987282573945,1.0,,0.02932336066800995,0.35504070128722137
XPINUSDT,6236.0,0.05,-3.0345326776378645,0.031792924769970074,0.9913245450217475,0.024301699791292625,3237.0,,0.022973572180335564,0.23529618493511711
XPLUSDT,6739.0,0.05,-3.2220814873626216,0.018741571077608415,0.9817755821253183,0.009478999786353685,3237.0,,0.017885998306160274,1.157994594769561
XRPUSDC,21040.0,0.15,-3.3662674125612155,0.012163992251034934,0.9612151880847646,0.003920419304178236,3901.0,,0.00889469076337486,0.6599320611161068
XRPUSDT,56060.0,0.1,-3.836150508044319,0.0025583651098974175,0.9899946461623466,0.005988340838606472,4076.0,,0.010946635810690967,0.7306982721005161
XTZUSDT,55316.0,0.1,-3.3107790124729006,0.014403474162105252,0.9937957653037576,0.009426215920610968,4076.0,,0.011735195880826704,0.6946317914077539
XVGUSDT,25432.0,0.0,-3.173730766697789,0.021556494521794787,1.0,0.020473368375292157,1.0,,0.01413358108840047,0.35843505320159263
XVSUSDT,27434.0,0.1,-3.489655070163145,0.008256782625749259,0.9865107337389247,0.015337441117595722,4076.0,,0.010819229991492218,0.5669776656459306
YBUSDT,5558.0,0.1,-4.555026528321555,0.00015620343004403694,0.9589737410022079,-0.0035913167715321626,4076.0,,0.01733044553234704,1.9633076649826968
YFIUSDT,50344.0,0.1,-3.241845540282067,0.017686722531365176,0.9940176530126941,0.007979211334873676,4076.0,,0.011902041421892426,0.9989603870373912
YGGUSDT,24697.0,0.2,-4.2359451230125895,0.0005724267889782467,0.9755701332981742,0.01298508226233632,3382.0,,0.013717802967714413,0.9368986634965815
ZBTUSDT,5393.0,0.0,-4.599327521713894,0.0001295387966163333,1.0,-0.021794384554792035,1.0,,0.01738433595104106,1.3188306065321052
ZECUSDT,55335.0,0.1,-3.095673487882841,0.0268750309741864,0.9914554300094419,0.011345345586403486,4076.0,,0.012794174091767915,0.6964370766054699
ZENUSDT,48309.0,0.1,-4.397572272345597,0.0002997829828668974,0.9914251076083048,0.009260262804542814,4076.0,,0.014385629071828755,0.3013255626175523
ZEREBROUSDT,12302.0,0.0,-4.193458578623219,0.0006759026940207555,1.0,-0.009036146849550848,1.0,,0.022931834996285868,1.319400768148265
ZETAUSDT,20348.0,0.2,-4.144651227593556,0.0008164044360053683,0.9732788642351262,0.0058674124881554395,3382.0,,0.01282268401731118,1.920033563853408
ZILUSDT,52118.0,0.15,-4.126382552372108,0.0008757140549110113,0.9837652592081382,0.00976934924954359,3901.0,,0.01226824409837226,0.6288342119185016
ZKCUSDT,6158.0,0.0,-3.7398353446977626,0.0035864741952728583,1.0,-0.029827722340969698,1.0,,0.014886511084057544,2.5135550468062005
ZKUSDT,17076.0,0.15,-3.2648203179382698,0.016526134570396193,0.9804268737999899,0.009604186619791667,3901.0,,0.013332180698612988,1.6702882397663157
ZORAUSDT,7409.0,0.15,-3.3745325550144303,0.011858305300096949,0.9698057344798376,0.0208152204248499,3901.0,,0.017050442448966252,0.9573260046830377
ZROUSDT,17006.0,0.1,-4.448937889420309,0.00024291563835780286,0.9797647987753768,0.017297522417006578,4076.0,,0.012836799500762218,0.6951615839997007
ZRXUSDT,51974.0,0.1,-3.9751367970571536,0.0015464465471702854,0.989583755478771,0.011408161109774884,4076.0,,0.012904654590886496,0.42321606429636105
币安人生USDT,5321.0,0.1,-3.4521868334117496,0.00930337546734814,0.9311776278204597,0.02325325054837831,4076.0,,0.0251710559307584,0.24533339139084623
