market,allocator,oos_vol_ann,oos_sharpe_ann,dsr,mean_eff_n,mean_hhi,mean_cond,n_folds,n_oos_days
AAVE_30m_17W,1/N,0.015,-3.703,0.0,150.0,0.0067,183.4,25.0,1520.0
AAVE_30m_17W,inv_var,0.015,-3.703,0.0,150.0,0.0067,183.4,25.0,1520.0
AAVE_30m_17W,hrp_denoise,0.0156,-3.639,0.0,125.0,0.008,6.7,25.0,1520.0
AAVE_30m_17W,hrp,0.0156,-3.661,0.0,129.1,0.0078,183.4,25.0,1520.0
AAVE_30m_17W,nco_denoise_detone,0.0162,-3.617,0.0,112.1,0.009,1056410525206482.8,25.0,1520.0
AAVE_30m_17W,nco,0.0167,-3.645,0.0,79.9,0.0127,183.4,25.0,1520.0
AAVE_30m_17W,min_var_raw,0.0173,-3.069,0.0,68.4,0.0147,183.4,25.0,1520.0
AAVE_30m_17W,mean_var_raw,0.0196,-2.439,0.0,38.3,0.0264,183.4,25.0,1520.0
ALGO_30m_6W_1MetaW,1/N,0.0139,-4.083,0.0,150.0,0.0067,110.7,6.0,373.0
ALGO_30m_6W_1MetaW,inv_var,0.0139,-4.083,0.0,150.0,0.0067,110.7,6.0,373.0
ALGO_30m_6W_1MetaW,hrp_denoise,0.0141,-3.678,0.0,128.7,0.0078,5.6,6.0,373.0
ALGO_30m_6W_1MetaW,hrp,0.0141,-3.887,0.0,136.8,0.0073,110.7,6.0,373.0
ALGO_30m_6W_1MetaW,nco_denoise_detone,0.0148,-3.832,0.0,110.9,0.009,267866975846646.1,6.0,373.0
ALGO_30m_6W_1MetaW,nco,0.0154,-3.961,0.0,85.9,0.0117,110.7,6.0,373.0
ALGO_30m_6W_1MetaW,min_var_raw,0.0168,-3.258,0.0,70.8,0.0142,110.7,6.0,373.0
ALGO_30m_6W_1MetaW,mean_var_raw,0.0191,-3.179,0.0,39.6,0.0254,110.7,6.0,373.0
APE_30m_12W,1/N,0.0143,-5.085,0.0,149.9,0.0067,144.7,16.0,999.0
APE_30m_12W,inv_var,0.0143,-5.085,0.0,149.9,0.0067,144.7,16.0,999.0
APE_30m_12W,hrp,0.0148,-4.962,0.0,128.2,0.0078,144.7,16.0,999.0
APE_30m_12W,hrp_denoise,0.015,-4.826,0.0,124.3,0.0081,7.0,16.0,999.0
APE_30m_12W,nco_denoise_detone,0.0155,-4.904,0.0,109.8,0.0091,630146694999644.8,16.0,999.0
APE_30m_12W,nco,0.0166,-4.111,0.0,81.4,0.0125,144.7,16.0,999.0
APE_30m_12W,min_var_raw,0.018,-3.433,0.0,67.9,0.0149,144.7,16.0,999.0
APE_30m_12W,mean_var_raw,0.0217,-2.9,0.0,38.9,0.0258,144.7,16.0,999.0
ARB_30m_6W_1MetaW,hrp_denoise,0.0146,-3.169,0.0,119.6,0.0084,6.4,6.0,374.0
ARB_30m_6W_1MetaW,1/N,0.0147,-3.403,0.0,150.0,0.0067,140.3,6.0,374.0
ARB_30m_6W_1MetaW,inv_var,0.0147,-3.403,0.0,150.0,0.0067,140.3,6.0,374.0
ARB_30m_6W_1MetaW,hrp,0.0155,-3.104,0.0,128.9,0.0078,140.3,6.0,374.0
ARB_30m_6W_1MetaW,nco_denoise_detone,0.0159,-3.59,0.0,112.6,0.0089,634970675321355.0,6.0,374.0
ARB_30m_6W_1MetaW,nco,0.0166,-2.534,0.0,77.7,0.0129,140.3,6.0,374.0
ARB_30m_6W_1MetaW,min_var_raw,0.0176,-3.503,0.0,70.3,0.0144,140.3,6.0,374.0
ARB_30m_6W_1MetaW,mean_var_raw,0.021,-1.304,0.002,39.5,0.0256,140.3,6.0,374.0
ATOM_30m_6W_1MetaW,1/N,0.0138,-4.475,0.0,149.8,0.0067,128.2,6.0,373.0
ATOM_30m_6W_1MetaW,inv_var,0.0138,-4.475,0.0,149.8,0.0067,128.2,6.0,373.0
ATOM_30m_6W_1MetaW,hrp_denoise,0.0141,-4.3,0.0,126.9,0.0079,5.9,6.0,373.0
ATOM_30m_6W_1MetaW,hrp,0.0144,-4.213,0.0,130.6,0.0077,128.2,6.0,373.0
ATOM_30m_6W_1MetaW,nco_denoise_detone,0.0148,-4.271,0.0,111.6,0.009,908940115913828.0,6.0,373.0
ATOM_30m_6W_1MetaW,nco,0.0157,-3.663,0.0,87.1,0.0117,128.2,6.0,373.0
ATOM_30m_6W_1MetaW,min_var_raw,0.0166,-2.76,0.0,67.6,0.0149,128.2,6.0,373.0
ATOM_30m_6W_1MetaW,mean_var_raw,0.0184,-4.508,0.0,39.2,0.0257,128.2,6.0,373.0
AUDUSD_fx,hrp,0.0307,-5.187,0.0,118.7,0.0085,1.638274245325933e+19,11.0,684.0
AUDUSD_fx,hrp_denoise,0.0322,-5.013,0.0,111.6,0.0092,202.1,11.0,684.0
AUDUSD_fx,1/N,0.0323,-5.074,0.0,149.3,0.0067,1.638274245325933e+19,11.0,684.0
AUDUSD_fx,inv_var,0.0323,-5.074,0.0,149.3,0.0067,1.638274245325933e+19,11.0,684.0
AUDUSD_fx,nco_denoise_detone,0.0333,-5.559,0.0,45.8,0.0221,769579301346279.0,11.0,684.0
AUDUSD_fx,nco,0.0365,-3.28,0.0,19.5,0.0547,1.638274245325933e+19,11.0,684.0
AUDUSD_fx,mean_var_raw,0.0478,-2.653,0.0,14.1,0.1009,1.638274245325933e+19,11.0,684.0
AUDUSD_fx,min_var_raw,0.051,-2.015,0.0,13.3,0.1261,1.638274245325933e+19,11.0,684.0
AVAX_30m_17W,1/N,0.0153,-3.187,0.0,149.9,0.0067,171.0,25.0,1520.0
AVAX_30m_17W,inv_var,0.0153,-3.187,0.0,149.9,0.0067,171.0,25.0,1520.0
AVAX_30m_17W,nco_denoise_detone,0.0159,-3.276,0.0,115.0,0.0087,418839163644305.8,25.0,1520.0
AVAX_30m_17W,hrp,0.0159,-3.155,0.0,130.8,0.0077,171.0,25.0,1520.0
AVAX_30m_17W,hrp_denoise,0.0162,-3.142,0.0,124.9,0.008,6.6,25.0,1520.0
AVAX_30m_17W,nco,0.0173,-2.924,0.0,79.9,0.0128,171.0,25.0,1520.0
AVAX_30m_17W,min_var_raw,0.0177,-2.693,0.0,69.1,0.0145,171.0,25.0,1520.0
AVAX_30m_17W,mean_var_raw,0.0195,-2.512,0.0,38.3,0.0264,171.0,25.0,1520.0
BCH_30m_20W,1/N,0.0128,-7.09,0.0,149.9,0.0067,104.5,30.0,1832.0
BCH_30m_20W,inv_var,0.0128,-7.09,0.0,149.9,0.0067,104.5,30.0,1832.0
BCH_30m_20W,hrp_denoise,0.0133,-6.989,0.0,131.2,0.0076,5.4,30.0,1832.0
BCH_30m_20W,hrp,0.0133,-7.17,0.0,133.5,0.0075,104.5,30.0,1832.0
BCH_30m_20W,nco_denoise_detone,0.0137,-6.643,0.0,116.9,0.0086,1711540214668584.8,30.0,1832.0
BCH_30m_20W,nco,0.0148,-6.432,0.0,89.4,0.0113,104.5,30.0,1832.0
BCH_30m_20W,min_var_raw,0.0158,-5.114,0.0,73.3,0.0137,104.5,30.0,1832.0
BCH_30m_20W,mean_var_raw,0.0192,-3.803,0.0,36.0,0.028,104.5,30.0,1832.0
BNB_15m_30W,1/N,0.017,-5.853,0.0,150.0,0.0067,212.6,21.0,1311.0
BNB_15m_30W,inv_var,0.017,-5.853,0.0,150.0,0.0067,212.6,21.0,1311.0
BNB_15m_30W,hrp_denoise,0.017,-6.03,0.0,127.3,0.0079,8.3,21.0,1311.0
BNB_15m_30W,hrp,0.0172,-5.897,0.0,129.7,0.0077,212.6,21.0,1311.0
BNB_15m_30W,nco_denoise_detone,0.018,-5.723,0.0,113.8,0.0088,2128754448296569.5,21.0,1311.0
BNB_15m_30W,min_var_raw,0.0185,-5.028,0.0,63.3,0.0159,212.6,21.0,1311.0
BNB_15m_30W,nco,0.0185,-5.117,0.0,75.9,0.0133,212.6,21.0,1311.0
BNB_15m_30W,mean_var_raw,0.0208,-4.293,0.0,41.2,0.0244,212.6,21.0,1311.0
BTC_30m_27W,1/N,0.0158,-3.643,0.0,149.7,0.0067,285.4,41.0,2565.0
BTC_30m_27W,inv_var,0.0158,-3.643,0.0,149.7,0.0067,285.4,41.0,2565.0
BTC_30m_27W,hrp,0.0162,-3.75,0.0,132.7,0.0075,285.4,41.0,2565.0
BTC_30m_27W,hrp_denoise,0.0164,-3.495,0.0,125.7,0.008,7.9,41.0,2565.0
BTC_30m_27W,nco_denoise_detone,0.0167,-3.554,0.0,112.2,0.0089,947413343380547.8,41.0,2565.0
BTC_30m_27W,nco,0.0183,-2.902,0.0,77.9,0.0132,285.4,41.0,2565.0
BTC_30m_27W,min_var_raw,0.0203,-2.509,0.0,60.8,0.017,285.4,41.0,2565.0
BTC_30m_27W,mean_var_raw,0.0205,-2.44,0.0,41.6,0.0242,285.4,41.0,2565.0
DOGE_30m_21W,1/N,0.0133,-3.486,0.0,150.0,0.0067,109.0,31.0,1937.0
DOGE_30m_21W,inv_var,0.0133,-3.486,0.0,150.0,0.0067,109.0,31.0,1937.0
DOGE_30m_21W,hrp,0.0135,-3.497,0.0,137.0,0.0073,109.0,31.0,1937.0
DOGE_30m_21W,hrp_denoise,0.0137,-3.413,0.0,129.3,0.0077,5.2,31.0,1937.0
DOGE_30m_21W,nco_denoise_detone,0.0147,-3.181,0.0,115.2,0.0087,2299621400320719.0,31.0,1937.0
DOGE_30m_21W,nco,0.0153,-2.872,0.0,85.8,0.0117,109.0,31.0,1937.0
DOGE_30m_21W,min_var_raw,0.0163,-2.626,0.0,68.8,0.0146,109.0,31.0,1937.0
DOGE_30m_21W,mean_var_raw,0.0183,-2.307,0.0,42.3,0.0238,109.0,31.0,1937.0
DOT_30m_6W_1MetaW,1/N,0.0141,-4.324,0.0,149.7,0.0067,137.1,6.0,373.0
DOT_30m_6W_1MetaW,inv_var,0.0141,-4.324,0.0,149.7,0.0067,137.1,6.0,373.0
DOT_30m_6W_1MetaW,hrp_denoise,0.0145,-4.153,0.0,126.5,0.0079,5.9,6.0,373.0
DOT_30m_6W_1MetaW,hrp,0.0146,-4.342,0.0,134.4,0.0074,137.1,6.0,373.0
DOT_30m_6W_1MetaW,nco_denoise_detone,0.0157,-3.608,0.0,112.6,0.0089,2049845388713533.0,6.0,373.0
DOT_30m_6W_1MetaW,nco,0.0166,-3.854,0.0,82.5,0.0121,137.1,6.0,373.0
DOT_30m_6W_1MetaW,mean_var_raw,0.0167,-2.548,0.0,38.9,0.026,137.1,6.0,373.0
DOT_30m_6W_1MetaW,min_var_raw,0.0195,-2.937,0.0,63.4,0.0159,137.1,6.0,373.0
ETC_30m_6W_1MetaW,1/N,0.0144,-3.949,0.0,150.0,0.0067,145.8,6.0,373.0
ETC_30m_6W_1MetaW,inv_var,0.0144,-3.949,0.0,150.0,0.0067,145.8,6.0,373.0
ETC_30m_6W_1MetaW,hrp_denoise,0.0147,-3.843,0.0,125.9,0.0079,6.1,6.0,373.0
ETC_30m_6W_1MetaW,hrp,0.0147,-3.741,0.0,130.3,0.0077,145.8,6.0,373.0
ETC_30m_6W_1MetaW,nco_denoise_detone,0.0149,-3.917,0.0,112.5,0.0089,327979218339620.1,6.0,373.0
ETC_30m_6W_1MetaW,nco,0.0161,-3.219,0.0,81.7,0.0123,145.8,6.0,373.0
ETC_30m_6W_1MetaW,min_var_raw,0.0181,-2.793,0.0,71.3,0.0141,145.8,6.0,373.0
ETC_30m_6W_1MetaW,mean_var_raw,0.0197,-2.811,0.0,41.1,0.0247,145.8,6.0,373.0
ETH_30m_28W,1/N,0.0138,-4.315,0.0,149.7,0.0067,139.3,43.0,2669.0
ETH_30m_28W,inv_var,0.0138,-4.315,0.0,149.7,0.0067,139.3,43.0,2669.0
ETH_30m_28W,hrp_denoise,0.0145,-4.253,0.0,127.1,0.0079,6.3,43.0,2669.0
ETH_30m_28W,hrp,0.0145,-4.304,0.0,131.0,0.0076,139.3,43.0,2669.0
ETH_30m_28W,nco_denoise_detone,0.0148,-4.146,0.0,113.8,0.0088,7226273631911811.0,43.0,2669.0
ETH_30m_28W,nco,0.0169,-3.248,0.0,81.4,0.0125,139.3,43.0,2669.0
ETH_30m_28W,min_var_raw,0.0183,-2.881,0.0,69.7,0.0145,139.3,43.0,2669.0
ETH_30m_28W,mean_var_raw,0.0198,-2.538,0.0,37.1,0.0272,139.3,43.0,2669.0
EURGBP_fx,1/N,0.0322,-10.561,0.0,149.6,0.0067,8.147167659401384e+17,11.0,684.0
EURGBP_fx,inv_var,0.0322,-10.561,0.0,149.6,0.0067,8.147167659401384e+17,11.0,684.0
EURGBP_fx,hrp_denoise,0.0323,-10.373,0.0,121.2,0.0083,234.4,11.0,684.0
EURGBP_fx,hrp,0.0334,-10.107,0.0,119.7,0.0084,8.147167659401384e+17,11.0,684.0
EURGBP_fx,nco,0.036,-7.014,0.0,22.8,0.0477,8.147167659401384e+17,11.0,684.0
EURGBP_fx,mean_var_raw,0.036,-7.209,0.0,21.7,0.0532,8.147167659401384e+17,11.0,684.0
EURGBP_fx,nco_denoise_detone,0.036,-10.327,0.0,39.1,0.0267,158451016293580.2,11.0,684.0
EURGBP_fx,min_var_raw,0.0482,-4.61,0.0,18.2,0.0955,8.147167659401384e+17,11.0,684.0
EURUSD_fx,nco_denoise_detone,0.0295,-2.993,0.0,37.7,0.0273,489242641494626.8,11.0,684.0
EURUSD_fx,hrp_denoise,0.0326,-2.12,0.0,125.7,0.008,220.9,11.0,684.0
EURUSD_fx,hrp,0.0329,-2.13,0.0,123.4,0.0081,1.6473152335566305e+18,11.0,684.0
EURUSD_fx,1/N,0.0352,-2.067,0.0,149.4,0.0067,1.6473152335566305e+18,11.0,684.0
EURUSD_fx,inv_var,0.0352,-2.067,0.0,149.4,0.0067,1.6473152335566305e+18,11.0,684.0
EURUSD_fx,nco,0.0383,-1.454,0.0,20.6,0.0564,1.6473152335566305e+18,11.0,684.0
EURUSD_fx,min_var_raw,0.0549,-1.226,0.0,20.4,0.137,1.6473152335566305e+18,11.0,684.0
EURUSD_fx,mean_var_raw,0.0561,-1.285,0.0,18.1,0.1219,1.6473152335566305e+18,11.0,684.0
GBPUSD_fx,nco_denoise_detone,0.028,-5.712,0.0,46.2,0.0221,117300257070330.3,11.0,684.0
GBPUSD_fx,1/N,0.0306,-4.63,0.0,149.6,0.0067,2.1141283569636664e+18,11.0,684.0
GBPUSD_fx,inv_var,0.0306,-4.63,0.0,149.6,0.0067,2.1141283569636664e+18,11.0,684.0
GBPUSD_fx,hrp,0.0346,-4.24,0.0,119.1,0.0085,2.1141283569636664e+18,11.0,684.0
GBPUSD_fx,hrp_denoise,0.0354,-4.161,0.0,112.0,0.009,249.3,11.0,684.0
GBPUSD_fx,mean_var_raw,0.045,-1.801,0.0,22.8,0.0632,2.1141283569636664e+18,11.0,684.0
GBPUSD_fx,nco,0.0454,-2.134,0.0,19.2,0.058,2.1141283569636664e+18,11.0,684.0
GBPUSD_fx,min_var_raw,0.0504,-1.896,0.0,22.5,0.0852,2.1141283569636664e+18,11.0,684.0
IWM_equity,1/N,0.0518,-30.554,0.0,148.9,0.0067,1.0215773720247652e+18,74.0,4624.0
IWM_equity,inv_var,0.0518,-30.554,0.0,148.9,0.0067,1.0215773720247652e+18,74.0,4624.0
IWM_equity,hrp_denoise,0.0533,-29.253,0.0,109.7,0.0095,121.3,74.0,4624.0
IWM_equity,hrp,0.0544,-28.588,0.0,112.7,0.009,1.0215773720247652e+18,74.0,4624.0
IWM_equity,nco,0.0554,-24.518,0.0,33.1,0.0349,1.0215773720247652e+18,74.0,4624.0
IWM_equity,nco_denoise_detone,0.0592,-25.771,0.0,65.6,0.0163,2867321672785484.5,74.0,4624.0
IWM_equity,min_var_raw,0.0622,-22.016,0.0,17.7,0.0876,1.0215773720247652e+18,74.0,4624.0
IWM_equity,mean_var_raw,0.0625,-24.96,0.0,24.6,0.0627,1.0215773720247652e+18,74.0,4624.0
LINK_30M_23W_new,1/N,0.0107,-4.751,0.0,149.9,0.0067,84.0,34.0,2142.0
LINK_30M_23W_new,inv_var,0.0107,-4.751,0.0,149.9,0.0067,84.0,34.0,2142.0
LINK_30M_23W_new,hrp_denoise,0.0107,-4.837,0.0,142.5,0.007,4.1,34.0,2142.0
LINK_30M_23W_new,hrp,0.0107,-4.757,0.0,141.1,0.0071,84.0,34.0,2142.0
LINK_30M_23W_new,nco_denoise_detone,0.0115,-4.637,0.0,124.2,0.0081,1936541114038823.2,34.0,2142.0
LINK_30M_23W_new,nco,0.0126,-4.303,0.0,94.1,0.0107,84.0,34.0,2142.0
LINK_30M_23W_new,min_var_raw,0.0137,-3.626,0.0,76.5,0.0131,84.0,34.0,2142.0
LINK_30M_23W_new,mean_var_raw,0.0185,-2.315,0.0,38.4,0.0263,84.0,34.0,2142.0
LTC_30m_27W,1/N,0.0124,-6.266,0.0,149.7,0.0067,377781193878744.1,41.0,2564.0
LTC_30m_27W,inv_var,0.0124,-6.266,0.0,149.7,0.0067,377781193878744.1,41.0,2564.0
LTC_30m_27W,hrp_denoise,0.0128,-6.247,0.0,134.2,0.0075,5.4,41.0,2564.0
LTC_30m_27W,hrp,0.0128,-6.38,0.0,134.7,0.0074,377781193878744.1,41.0,2564.0
LTC_30m_27W,nco_denoise_detone,0.0133,-6.002,0.0,120.1,0.0084,1547794863703552.8,41.0,2564.0
LTC_30m_27W,nco,0.0149,-5.179,0.0,90.1,0.0113,377781193878744.1,41.0,2564.0
LTC_30m_27W,min_var_raw,0.0158,-4.708,0.0,72.1,0.014,377781193878744.1,41.0,2564.0
LTC_30m_27W,mean_var_raw,0.0193,-3.027,0.0,35.6,0.0284,377781193878744.1,41.0,2564.0
NEAR_30m_17W,1/N,0.0144,-3.867,0.0,150.0,0.0067,129.1,25.0,1520.0
NEAR_30m_17W,inv_var,0.0144,-3.867,0.0,150.0,0.0067,129.1,25.0,1520.0
NEAR_30m_17W,hrp_denoise,0.0147,-3.781,0.0,125.7,0.008,6.0,25.0,1520.0
NEAR_30m_17W,hrp,0.0149,-3.943,0.0,129.2,0.0078,129.1,25.0,1520.0
NEAR_30m_17W,nco_denoise_detone,0.0152,-3.774,0.0,116.2,0.0087,3.223567502108034e+16,25.0,1520.0
NEAR_30m_17W,nco,0.0157,-3.648,0.0,86.1,0.0117,129.1,25.0,1520.0
NEAR_30m_17W,min_var_raw,0.0175,-3.064,0.0,71.8,0.014,129.1,25.0,1520.0
NEAR_30m_17W,mean_var_raw,0.0199,-2.489,0.0,39.0,0.0258,129.1,25.0,1520.0
NZDUSD_fx,nco_denoise_detone,0.0329,-9.128,0.0,47.9,0.0223,374076173844863.8,11.0,683.0
NZDUSD_fx,hrp_denoise,0.0336,-8.823,0.0,111.7,0.0094,192.0,11.0,683.0
NZDUSD_fx,hrp,0.034,-8.852,0.0,107.7,0.0096,6.765570716737541e+17,11.0,683.0
NZDUSD_fx,1/N,0.0348,-8.652,0.0,149.1,0.0067,6.765570716737541e+17,11.0,683.0
NZDUSD_fx,inv_var,0.0348,-8.652,0.0,149.1,0.0067,6.765570716737541e+17,11.0,683.0
NZDUSD_fx,nco,0.0445,-5.096,0.0,20.5,0.0547,6.765570716737541e+17,11.0,683.0
NZDUSD_fx,mean_var_raw,0.0449,-5.366,0.0,22.4,0.0678,6.765570716737541e+17,11.0,683.0
NZDUSD_fx,min_var_raw,0.0479,-5.304,0.0,17.3,0.1121,6.765570716737541e+17,11.0,683.0
QQQ_equity,1/N,0.0496,-25.92,0.0,148.3,0.0067,1.2104823156661422e+18,74.0,4624.0
QQQ_equity,inv_var,0.0496,-25.92,0.0,148.3,0.0067,1.2104823156661422e+18,74.0,4624.0
QQQ_equity,nco_denoise_detone,0.0566,-24.375,0.0,71.4,0.0149,737790635779502.9,74.0,4624.0
QQQ_equity,mean_var_raw,0.0572,-19.92,0.0,19.0,0.0906,1.2104823156661422e+18,74.0,4624.0
QQQ_equity,hrp_denoise,0.0607,-21.097,0.0,111.5,0.009,106.4,74.0,4624.0
QQQ_equity,min_var_raw,0.0634,-15.059,0.0,14.4,0.1183,1.2104823156661422e+18,74.0,4624.0
QQQ_equity,hrp,0.0639,-20.486,0.0,110.6,0.0091,1.2104823156661422e+18,74.0,4624.0
QQQ_equity,nco,0.1419,-7.506,0.0,32.6,0.0347,1.2104823156661422e+18,74.0,4624.0
SOL_1h_7W,1/N,0.011,-2.84,0.0,148.8,0.0067,96.5,20.0,1206.0
SOL_1h_7W,inv_var,0.011,-2.84,0.0,148.8,0.0067,96.5,20.0,1206.0
SOL_1h_7W,hrp_denoise,0.0113,-2.91,0.0,139.5,0.0072,4.8,20.0,1206.0
SOL_1h_7W,hrp,0.0114,-2.906,0.0,135.5,0.0074,96.5,20.0,1206.0
SOL_1h_7W,nco_denoise_detone,0.012,-2.39,0.0,121.3,0.0083,1593658924419544.5,20.0,1206.0
SOL_1h_7W,nco,0.0129,-2.206,0.0,89.7,0.0112,96.5,20.0,1206.0
SOL_1h_7W,min_var_raw,0.0144,-1.967,0.0,73.6,0.0136,96.5,20.0,1206.0
SOL_1h_7W,mean_var_raw,0.0178,-1.62,0.0,42.8,0.0236,96.5,20.0,1206.0
SPY_equity,1/N,0.0543,-23.91,0.0,149.5,0.0067,6.84319722492326e+17,74.0,4624.0
SPY_equity,inv_var,0.0543,-23.91,0.0,149.5,0.0067,6.84319722492326e+17,74.0,4624.0
SPY_equity,hrp,0.0557,-22.77,0.0,111.3,0.0091,6.84319722492326e+17,74.0,4624.0
SPY_equity,hrp_denoise,0.0567,-21.947,0.0,108.6,0.0093,110.9,74.0,4624.0
SPY_equity,nco,0.0674,-15.937,0.0,30.8,0.0363,6.84319722492326e+17,74.0,4624.0
SPY_equity,mean_var_raw,0.0712,-17.981,0.0,22.0,0.0711,6.84319722492326e+17,74.0,4624.0
SPY_equity,min_var_raw,0.0715,-14.718,0.0,12.4,0.1193,6.84319722492326e+17,74.0,4624.0
SPY_equity,nco_denoise_detone,0.0811,-16.649,0.0,71.2,0.0152,1619664954212817.2,74.0,4624.0
TRX_30m_25W,1/N,0.0148,-3.585,0.0,149.9,0.0067,412.3,38.0,2355.0
TRX_30m_25W,inv_var,0.0148,-3.585,0.0,149.9,0.0067,412.3,38.0,2355.0
TRX_30m_25W,hrp_denoise,0.0159,-3.467,0.0,117.7,0.0085,11.8,38.0,2355.0
TRX_30m_25W,hrp,0.0159,-3.505,0.0,119.0,0.0084,412.3,38.0,2355.0
TRX_30m_25W,nco_denoise_detone,0.0159,-3.165,0.0,103.0,0.0098,785062031440585.9,38.0,2355.0
TRX_30m_25W,nco,0.0173,-2.945,0.0,71.5,0.0144,412.3,38.0,2355.0
TRX_30m_25W,min_var_raw,0.019,-2.222,0.0,62.9,0.0161,412.3,38.0,2355.0
TRX_30m_25W,mean_var_raw,0.0209,-2.1,0.0,38.7,0.0262,412.3,38.0,2355.0
UNI_30M_17W_new,1/N,0.0115,-4.676,0.0,149.8,0.0067,85.3,25.0,1520.0
UNI_30M_17W_new,inv_var,0.0115,-4.676,0.0,149.8,0.0067,85.3,25.0,1520.0
UNI_30M_17W_new,hrp,0.0116,-4.506,0.0,137.6,0.0073,85.3,25.0,1520.0
UNI_30M_17W_new,hrp_denoise,0.0117,-4.508,0.0,139.8,0.0072,4.5,25.0,1520.0
UNI_30M_17W_new,nco_denoise_detone,0.0123,-4.286,0.0,123.3,0.0081,622487906923325.9,25.0,1520.0
UNI_30M_17W_new,nco,0.0133,-3.968,0.0,92.7,0.0108,85.3,25.0,1520.0
UNI_30M_17W_new,min_var_raw,0.0143,-3.625,0.0,74.7,0.0134,85.3,25.0,1520.0
UNI_30M_17W_new,mean_var_raw,0.0187,-3.336,0.0,38.1,0.0265,85.3,25.0,1520.0
USDCAD_fx,1/N,0.0329,-5.648,0.0,149.7,0.0067,5.623956236318923e+17,11.0,684.0
USDCAD_fx,inv_var,0.0329,-5.648,0.0,149.7,0.0067,5.623956236318923e+17,11.0,684.0
USDCAD_fx,hrp,0.0333,-5.346,0.0,108.9,0.0092,5.623956236318923e+17,11.0,684.0
USDCAD_fx,hrp_denoise,0.0358,-4.826,0.0,115.0,0.0087,232.7,11.0,684.0
USDCAD_fx,min_var_raw,0.0362,-3.463,0.0,32.0,0.0582,5.623956236318923e+17,11.0,684.0
USDCAD_fx,mean_var_raw,0.0413,-3.655,0.0,31.8,0.0367,5.623956236318923e+17,11.0,684.0
USDCAD_fx,nco,0.0429,-2.598,0.0,23.5,0.052,5.623956236318923e+17,11.0,684.0
USDCAD_fx,nco_denoise_detone,0.0447,-4.693,0.0,41.3,0.0254,273764819446935.8,11.0,684.0
USDCHF_fx,1/N,0.0292,-7.126,0.0,149.7,0.0067,7.58667790446852e+17,11.0,684.0
USDCHF_fx,inv_var,0.0292,-7.126,0.0,149.7,0.0067,7.58667790446852e+17,11.0,684.0
USDCHF_fx,hrp,0.0301,-6.474,0.0,107.1,0.0094,7.58667790446852e+17,11.0,684.0
USDCHF_fx,hrp_denoise,0.0308,-6.324,0.0,102.0,0.0099,208.1,11.0,684.0
USDCHF_fx,nco,0.0332,-4.716,0.0,26.4,0.0392,7.58667790446852e+17,11.0,684.0
USDCHF_fx,nco_denoise_detone,0.0338,-6.685,0.0,42.7,0.024,273277557973364.4,11.0,684.0
USDCHF_fx,mean_var_raw,0.0385,-4.257,0.0,28.8,0.045,7.58667790446852e+17,11.0,684.0
USDCHF_fx,min_var_raw,0.051,-2.218,0.0,21.0,0.0846,7.58667790446852e+17,11.0,684.0
USDJPY_fx,nco_denoise_detone,0.0408,-1.506,0.004,44.1,0.0241,1028171392790803.5,11.0,684.0
USDJPY_fx,1/N,0.0422,-1.028,0.004,149.6,0.0067,6.276734519126918e+17,11.0,684.0
USDJPY_fx,inv_var,0.0422,-1.028,0.004,149.6,0.0067,6.276734519126918e+17,11.0,684.0
USDJPY_fx,hrp_denoise,0.0482,-1.105,0.001,106.6,0.0098,269.9,11.0,684.0
USDJPY_fx,hrp,0.0536,-1.072,0.001,107.0,0.0095,6.276734519126918e+17,11.0,684.0
USDJPY_fx,nco,0.0568,-0.686,0.019,25.9,0.0401,6.276734519126918e+17,11.0,684.0
USDJPY_fx,mean_var_raw,0.0685,-1.051,0.004,14.5,0.0757,6.276734519126918e+17,11.0,684.0
USDJPY_fx,min_var_raw,0.0834,-1.082,0.002,11.6,0.0973,6.276734519126918e+17,11.0,684.0
UVXY_equity,nco,0.0698,-12.981,0.0,19.3,0.0578,2.5442389740819624e+16,53.0,3338.0
UVXY_equity,hrp_denoise,0.073,-16.767,0.0,111.9,0.009,286.5,53.0,3338.0
UVXY_equity,1/N,0.0746,-16.784,0.0,149.6,0.0067,2.5442389740819624e+16,53.0,3338.0
UVXY_equity,inv_var,0.0746,-16.784,0.0,149.6,0.0067,2.5442389740819624e+16,53.0,3338.0
UVXY_equity,hrp,0.0778,-15.938,0.0,111.6,0.0091,2.5442389740819624e+16,53.0,3338.0
UVXY_equity,mean_var_raw,0.0887,-9.852,0.0,22.1,0.0848,2.5442389740819624e+16,53.0,3338.0
UVXY_equity,nco_denoise_detone,0.0907,-14.745,0.0,65.1,0.016,856450909606924.1,53.0,3338.0
UVXY_equity,min_var_raw,0.099,-5.921,0.0,8.8,0.1716,2.5442389740819624e+16,53.0,3338.0
VXX_equity,nco,0.0654,-17.036,0.0,17.2,0.0649,5.687210935194633e+16,65.0,4087.0
VXX_equity,mean_var_raw,0.0676,-16.055,0.0,21.2,0.0663,5.687210935194633e+16,65.0,4087.0
VXX_equity,min_var_raw,0.0709,-12.976,0.0,8.4,0.1516,5.687210935194633e+16,65.0,4087.0
VXX_equity,inv_var,0.0747,-18.459,0.0,149.7,0.0067,5.687210935194633e+16,65.0,4087.0
VXX_equity,1/N,0.0747,-18.459,0.0,149.7,0.0067,5.687210935194633e+16,65.0,4087.0
VXX_equity,hrp,0.0757,-18.003,0.0,113.0,0.009,5.687210935194633e+16,65.0,4087.0
VXX_equity,hrp_denoise,0.0762,-17.786,0.0,116.2,0.0087,285.7,65.0,4087.0
VXX_equity,nco_denoise_detone,0.0852,-16.864,0.0,71.3,0.0145,456778138785999.6,65.0,4087.0
XLE_equity,nco,0.0526,-26.957,0.0,21.7,0.0534,1.34651506830781e+16,74.0,4624.0
XLE_equity,hrp_denoise,0.0567,-30.621,0.0,112.5,0.009,158.8,74.0,4624.0
XLE_equity,min_var_raw,0.0571,-22.435,0.0,15.8,0.0935,1.34651506830781e+16,74.0,4624.0
XLE_equity,hrp,0.0572,-30.806,0.0,107.9,0.0093,1.34651506830781e+16,74.0,4624.0
XLE_equity,1/N,0.0601,-28.877,0.0,149.9,0.0067,1.34651506830781e+16,74.0,4624.0
XLE_equity,inv_var,0.0601,-28.877,0.0,149.9,0.0067,1.34651506830781e+16,74.0,4624.0
XLE_equity,mean_var_raw,0.0605,-25.3,0.0,30.3,0.0411,1.34651506830781e+16,74.0,4624.0
XLE_equity,nco_denoise_detone,0.07,-25.132,0.0,64.8,0.0161,545801667121336.9,74.0,4624.0
XLF_equity,nco,0.0489,-33.839,0.0,18.0,0.0639,9.992928914257635e+17,74.0,4624.0
XLF_equity,hrp_denoise,0.054,-36.733,0.0,118.4,0.0085,139.1,74.0,4624.0
XLF_equity,hrp,0.0547,-36.56,0.0,115.4,0.0087,9.992928914257635e+17,74.0,4624.0
XLF_equity,min_var_raw,0.0557,-26.295,0.0,10.9,0.1271,9.992928914257635e+17,74.0,4624.0
XLF_equity,1/N,0.0575,-36.399,0.0,149.5,0.0067,9.992928914257635e+17,74.0,4624.0
XLF_equity,inv_var,0.0575,-36.399,0.0,149.5,0.0067,9.992928914257635e+17,74.0,4624.0
XLF_equity,mean_var_raw,0.0594,-32.216,0.0,29.9,0.052,9.992928914257635e+17,74.0,4624.0
XLF_equity,nco_denoise_detone,0.0638,-33.367,0.0,63.5,0.0162,912356785188484.0,74.0,4624.0
XLK_equity,hrp_denoise,0.0547,-32.163,0.0,109.8,0.0092,141.4,74.0,4612.0
XLK_equity,hrp,0.0559,-32.232,0.0,110.2,0.0091,6.218718307696607e+17,74.0,4612.0
XLK_equity,1/N,0.058,-30.929,0.0,148.7,0.0067,6.218718307696607e+17,74.0,4612.0
XLK_equity,inv_var,0.058,-30.929,0.0,148.7,0.0067,6.218718307696607e+17,74.0,4612.0
XLK_equity,nco,0.0632,-23.473,0.0,26.1,0.0497,6.218718307696607e+17,74.0,4612.0
XLK_equity,mean_var_raw,0.0683,-20.829,0.0,19.8,0.0865,6.218718307696607e+17,74.0,4612.0
XLK_equity,min_var_raw,0.0717,-15.373,0.0,10.5,0.1364,6.218718307696607e+17,74.0,4612.0
XLK_equity,nco_denoise_detone,0.0761,-26.465,0.0,68.1,0.0155,1782595259512720.5,74.0,4612.0
XLM_30m_6W_1MetaW,1/N,0.0134,-3.407,0.0,150.0,0.0067,132.7,6.0,373.0
XLM_30m_6W_1MetaW,inv_var,0.0134,-3.407,0.0,150.0,0.0067,132.7,6.0,373.0
XLM_30m_6W_1MetaW,hrp_denoise,0.0137,-3.276,0.0,126.9,0.0079,5.7,6.0,373.0
XLM_30m_6W_1MetaW,hrp,0.0139,-3.2,0.0,130.8,0.0077,132.7,6.0,373.0
XLM_30m_6W_1MetaW,nco_denoise_detone,0.0147,-2.808,0.0,112.0,0.0089,344827020049594.4,6.0,373.0
XLM_30m_6W_1MetaW,nco,0.0155,-3.078,0.0,84.2,0.0119,132.7,6.0,373.0
XLM_30m_6W_1MetaW,min_var_raw,0.0163,-2.827,0.0,68.4,0.0147,132.7,6.0,373.0
XLM_30m_6W_1MetaW,mean_var_raw,0.0184,-1.618,0.002,40.0,0.0251,132.7,6.0,373.0
XLV_equity,nco,0.051,-29.714,0.0,13.8,0.1031,6.5857223316595e+17,74.0,4622.0
XLV_equity,hrp_denoise,0.0525,-34.86,0.0,109.2,0.0092,154.4,74.0,4622.0
XLV_equity,hrp,0.0537,-34.648,0.0,106.2,0.0095,6.5857223316595e+17,74.0,4622.0
XLV_equity,1/N,0.0576,-32.158,0.0,149.0,0.0067,6.5857223316595e+17,74.0,4622.0
XLV_equity,inv_var,0.0576,-32.158,0.0,149.0,0.0067,6.5857223316595e+17,74.0,4622.0
XLV_equity,nco_denoise_detone,0.0673,-27.884,0.0,62.1,0.0164,434782794115762.1,74.0,4622.0
XLV_equity,min_var_raw,0.0738,-21.691,0.0,10.3,0.1712,6.5857223316595e+17,74.0,4622.0
XLV_equity,mean_var_raw,0.0773,-22.439,0.0,19.1,0.1235,6.5857223316595e+17,74.0,4622.0
XRP_30M_25W_new,1/N,0.0114,-4.539,0.0,150.0,0.0067,133.6,38.0,2355.0
XRP_30M_25W_new,inv_var,0.0114,-4.539,0.0,150.0,0.0067,133.6,38.0,2355.0
XRP_30M_25W_new,hrp_denoise,0.0116,-4.435,0.0,138.4,0.0072,5.5,38.0,2355.0
XRP_30M_25W_new,hrp,0.0116,-4.496,0.0,137.0,0.0073,133.6,38.0,2355.0
XRP_30M_25W_new,nco_denoise_detone,0.0124,-3.99,0.0,115.0,0.0087,2642464214511447.0,38.0,2355.0
XRP_30M_25W_new,nco,0.0132,-3.619,0.0,86.1,0.0117,133.6,38.0,2355.0
XRP_30M_25W_new,min_var_raw,0.0136,-3.743,0.0,71.8,0.014,133.6,38.0,2355.0
XRP_30M_25W_new,mean_var_raw,0.0181,-2.458,0.0,38.5,0.0262,133.6,38.0,2355.0
ZEC_30m_22W,1/N,0.0147,-4.087,0.0,149.9,0.0067,157.8,33.0,2042.0
ZEC_30m_22W,inv_var,0.0147,-4.087,0.0,149.9,0.0067,157.8,33.0,2042.0
ZEC_30m_22W,hrp,0.0154,-4.101,0.0,127.4,0.0079,157.8,33.0,2042.0
ZEC_30m_22W,hrp_denoise,0.0155,-3.803,0.0,122.9,0.0082,7.0,33.0,2042.0
ZEC_30m_22W,nco_denoise_detone,0.0156,-3.825,0.0,111.8,0.009,990328517339259.8,33.0,2042.0
ZEC_30m_22W,nco,0.0167,-3.59,0.0,81.5,0.0124,157.8,33.0,2042.0
ZEC_30m_22W,min_var_raw,0.0171,-3.428,0.0,68.2,0.0147,157.8,33.0,2042.0
ZEC_30m_22W,mean_var_raw,0.0213,-2.705,0.0,37.6,0.0269,157.8,33.0,2042.0
