market,name,n_ev,n_feat,base_rate,avg_uniqueness,n_clusters,rf_gap_nll,hgb_gap_nll,rf_gap_acc,hgb_gap_acc,rf_ll_is,rf_ll_oos,hgb_ll_is,hgb_ll_oos,rf_dsr,hgb_dsr,rf_sr_ann,hgb_sr_ann,rf_pf,hgb_pf,rf_sr_ann_acc,hgb_sr_ann_acc,rf_cfg_same,hgb_cfg_same,mdi_bias,mda_bias,cmda_bias,stab_mdi,stab_mda,stab_cmda,stab_random,stab_mda_z,n_cpcv_paths
crypto,APEUSDT,315,10,0.4889,0.9703,6,0.1227,0.4933,0.1227,0.4933,0.5507,0.6734,0.2513,0.7446,0.0161,0.1176,-0.6541,-0.1046,0.8557,0.9749,-0.6541,-0.1046,1,1,0.7455,0.7212,0.4724,0.9333,0.239,0.5406,0.2005,2.1378,15
crypto,AAVEUSDT,371,10,0.5013,0.9764,6,0.1239,0.5566,0.1551,0.5566,0.5782,0.7022,0.2545,0.8111,0.0,0.0004,-1.6144,-0.8909,0.6913,0.8281,-1.3431,-0.8909,0,1,0.3697,-0.3091,0.3262,0.4362,0.2333,0.3551,0.2005,1.8207,15
crypto,ALGOUSDT,361,10,0.518,0.983,6,0.1142,0.57,0.1142,0.57,0.5634,0.6776,0.2597,0.8298,0.0242,0.0002,-0.4569,-1.3076,0.9022,0.755,-0.4569,-1.3076,1,1,0.4545,0.1515,0.7026,0.8714,0.3219,0.5547,0.2005,6.7363,15
crypto,1000SHIBUSDT,358,10,0.4916,0.9853,6,0.1107,0.514,0.1107,0.8698,0.5536,0.6642,0.232,0.746,0.0008,0.0001,-1.0142,-1.313,0.8001,0.7584,-1.0142,-0.254,1,0,0.4909,-0.0061,0.7403,0.7762,0.2829,0.5136,0.2005,4.5692,15
crypto,AVAXUSDT,320,10,0.5438,0.9895,6,0.1292,0.5368,0.1816,0.7586,0.5507,0.68,0.2585,0.7952,0.094,0.5126,-0.1255,0.6501,0.9714,1.1516,0.5734,0.9858,0,0,0.4788,0.2,0.7026,0.6114,0.2619,0.4826,0.2005,3.4064,15
crypto,APTUSDT,375,10,0.512,0.9713,6,0.1006,0.5282,0.1006,0.5282,0.5686,0.6692,0.2502,0.7784,0.1274,0.1467,-0.2942,-0.2375,0.9437,0.9553,-0.2942,-0.2375,1,1,0.6727,0.8061,0.7056,0.8286,0.3019,0.5948,0.2005,5.6263,15
crypto,ATOMUSDT,363,10,0.5041,0.9781,6,0.1181,0.5919,0.1181,0.8435,0.5878,0.7059,0.269,0.8609,0.0001,0.0001,-1.5832,-1.6521,0.6901,0.6806,-1.5832,-1.3417,1,0,0.4545,0.3576,-0.1482,0.4838,0.1695,0.3824,0.2005,-1.7207,15
crypto,ARBUSDT,371,10,0.5418,0.9719,6,0.1027,0.5503,0.1334,0.5503,0.5737,0.6765,0.2693,0.8196,0.0268,0.1205,-1.0764,-0.5344,0.8297,0.9166,-0.8679,-0.5344,0,1,0.3212,-0.1394,-0.2717,0.4276,0.3248,0.5554,0.2005,6.8949,15
crypto,BCHUSDT,354,10,0.5904,0.9762,6,0.1245,0.5258,0.5157,0.5258,0.5714,0.6958,0.2585,0.7843,0.0197,0.4003,-0.445,0.5833,0.9114,1.1185,0.0046,0.5833,0,1,-0.2,-0.7697,-0.426,0.5324,0.2295,0.3875,0.2005,1.6092,15
crypto,BNBUSDT,363,10,0.4931,0.9773,6,0.1133,0.5642,0.1133,0.5642,0.5764,0.6897,0.2732,0.8375,0.0,0.0,-1.9277,-1.8437,0.6478,0.6407,-1.9277,-1.8437,1,1,0.2242,-0.5152,0.0125,0.5124,0.239,0.4436,0.2005,2.1378,15
crypto,BTCUSDT,351,10,0.5356,0.987,6,0.1354,0.5025,0.1354,0.706,0.5176,0.653,0.2323,0.7347,0.0048,0.0599,-0.6707,-0.1143,0.8638,0.9748,-0.6707,0.3919,1,0,0.5636,0.697,0.7591,0.4952,0.3686,0.6317,0.2005,9.3263,15
crypto,DOGEUSDT,376,10,0.4814,0.9794,6,0.1042,0.5306,0.1042,0.5306,0.5719,0.6761,0.2462,0.7768,0.0053,0.0089,-1.1283,-1.0488,0.7764,0.7908,-1.1283,-1.0488,1,1,0.3818,-0.297,0.3388,0.4905,0.2714,0.5477,0.2005,3.9349,15
crypto,DOTUSDT,365,10,0.537,0.9767,6,0.1184,0.6189,0.1184,0.6189,0.5739,0.6924,0.2648,0.8836,0.0256,0.0045,-0.6741,-1.0304,0.8616,0.8011,-0.6741,-1.0304,1,1,0.6,-0.2364,0.4956,0.581,0.2429,0.4427,0.2005,2.3492,15
crypto,ETCUSDT,369,10,0.5257,0.9718,6,0.1161,0.5563,0.1161,0.5563,0.5765,0.6925,0.2717,0.828,0.0775,0.0175,-0.3502,-0.7409,0.9226,0.8551,-0.3502,-0.7409,1,1,0.7212,0.2485,0.5521,0.5829,0.2895,0.3668,0.2005,4.9392,15
crypto,HBARUSDT,372,10,0.5108,0.9777,6,0.1077,0.6187,0.1077,0.8682,0.5624,0.6701,0.2531,0.8718,0.0017,0.0,-0.7742,-1.5596,0.8333,0.7071,-0.7742,-1.5832,1,0,0.6727,-0.1273,0.2593,0.7171,0.2829,0.4593,0.2005,4.5692,15
crypto,ETHUSDT,379,10,0.5383,0.9788,6,0.1113,0.5312,0.1113,0.7656,0.5712,0.6825,0.2558,0.7871,0.2178,0.1758,-0.1205,-0.2075,0.9732,0.9572,-0.1205,-0.0535,1,0,0.697,-0.0788,0.7842,0.5324,0.2971,0.5099,0.2005,5.3621,15
crypto,ICPUSDT,339,10,0.4897,0.9746,6,0.1277,0.5421,0.1724,0.7577,0.5639,0.6916,0.2631,0.8052,0.006,0.0388,-1.1052,-0.6891,0.7729,0.8437,-0.4795,-0.5335,0,0,0.4424,-0.2485,0.6148,0.5848,0.2629,0.3815,0.2005,3.4592,15
crypto,LINKUSDT,363,10,0.5179,0.9756,6,0.1101,0.5389,0.1395,0.7918,0.5681,0.6782,0.2468,0.7858,0.0092,0.0313,-0.9656,-0.7069,0.8113,0.8629,-0.4408,-0.5353,0,0,0.3333,0.4788,0.4642,0.4781,0.3943,0.5391,0.2005,10.7534,15
crypto,LTCUSDT,389,10,0.473,0.9736,6,0.1067,0.5778,0.1067,0.816,0.5741,0.6808,0.248,0.8258,0.0,0.0,-2.2129,-2.0621,0.601,0.6076,-2.2129,-1.8169,1,0,0.2606,-0.0545,0.0617,0.6152,0.2381,0.3773,0.2005,2.085,15
crypto,NEARUSDT,335,10,0.4955,0.9781,6,0.131,0.6085,0.131,0.6085,0.5661,0.6971,0.2724,0.8809,0.0014,0.0006,-1.1455,-1.2954,0.7571,0.7235,-1.1455,-1.2954,1,1,0.4909,0.0667,0.1757,0.4952,0.2705,0.4153,0.2005,3.8821,15
crypto,SOLUSDT,321,10,0.5047,0.9802,6,0.1291,0.5755,0.1291,0.5755,0.5509,0.68,0.2699,0.8453,0.0253,0.0,-0.1051,-1.3973,0.975,0.7163,-0.1051,-1.3973,1,1,0.6848,0.3212,0.6915,0.8114,0.2638,0.453,0.2005,3.5121,15
crypto,SUIUSDT,400,10,0.51,0.9912,6,0.1034,0.5734,0.1034,0.5734,0.5632,0.6666,0.2352,0.8085,0.1283,0.007,0.0079,-1.0014,1.0013,0.8566,0.0079,-1.0014,1,1,0.4788,0.1152,0.7223,0.7905,0.24,0.4572,0.2005,2.1907,15
crypto,TRXUSDT,386,10,0.4896,0.9776,6,0.1064,0.5827,0.135,0.5827,0.5913,0.6976,0.2758,0.8585,0.0,0.0,-2.7024,-2.5513,0.5349,0.564,-2.4807,-2.5513,0,1,-0.4545,0.0061,-0.4956,0.4067,0.2286,0.4115,0.2005,1.5564,15
crypto,UNIUSDT,422,10,0.4645,0.9746,6,0.0979,0.5832,0.0979,0.5838,0.5831,0.6809,0.2506,0.8338,0.0025,0.0015,-1.1832,-1.2687,0.7711,0.7415,-1.1832,-1.1934,1,0,0.7697,0.3455,0.5927,0.9333,0.2467,0.4371,0.2005,2.5607,15
crypto,XLMUSDT,350,10,0.5257,0.9778,6,0.1045,0.5214,0.1474,0.7832,0.5457,0.6501,0.2479,0.7693,0.4285,0.1843,0.2068,-0.2052,1.0491,0.9562,0.244,-0.1279,0,0,0.6121,0.5273,0.9159,1.0,0.2838,0.7751,0.2005,4.6221,15
crypto,XRPUSDT,349,10,0.4699,0.9764,6,0.1298,0.4789,0.1298,0.4789,0.5135,0.6433,0.2374,0.7163,0.0052,0.1741,-0.656,0.2452,0.865,1.0615,-0.656,0.2452,1,1,0.5636,0.2848,0.7653,0.6905,0.3029,0.6554,0.2005,5.6792,15
crypto,ZECUSDT,371,10,0.4717,0.9706,6,0.0999,0.4848,0.1509,0.4848,0.5709,0.6708,0.2458,0.7306,0.0001,0.1121,-1.34,0.031,0.7383,1.0077,-0.4534,0.031,0,1,0.7333,0.1636,0.6587,0.8286,0.2448,0.5845,0.2005,2.455,15
equities,SPY,339,10,0.2124,0.9884,6,0.431,0.5054,0.431,0.7055,0.1338,0.5647,0.1532,0.6587,0.0,0.0,-0.3625,-1.1449,0.0,0.0466,-0.3625,-1.0,1,0,0.0303,-0.3818,-0.7779,0.3981,0.2752,0.36,0.2005,4.1464,15
equities,QQQ,330,10,0.2152,0.9862,6,0.4226,0.5518,0.4368,0.5518,0.1343,0.5569,0.1687,0.7205,0.0,0.0,-0.5434,-1.0167,0.0832,0.1094,-0.5817,-1.0167,0,1,0.3818,0.1273,0.7823,0.5562,0.3267,0.5328,0.2005,7.0006,15
equities,XLK,336,10,0.2321,0.9925,6,0.4927,0.5369,0.4927,0.5369,0.1439,0.6366,0.1752,0.712,0.0,0.0,-1.0046,-1.2575,0.0121,0.016,-1.0046,-1.2575,1,1,0.5152,0.0061,-0.4137,0.381,0.2248,0.3671,0.2005,1.345,15
equities,IWM,374,10,0.1765,0.9884,6,0.3732,0.4704,0.3732,0.4704,0.1156,0.4889,0.1252,0.5956,0.0,0.0,-0.2271,-0.6154,0.0,0.139,-0.2271,-0.6154,1,1,0.2,-0.1152,0.527,0.4381,0.2543,0.3329,0.2005,2.9835,15
equities,XLE,370,10,0.1649,0.9783,6,0.2407,0.2924,0.2459,0.3842,0.0916,0.3324,0.0907,0.383,0.0,0.0,0.0003,-0.7186,1.0008,0.2953,0.2372,-0.6158,0,0,0.3576,0.503,0.4391,0.8133,0.4314,0.7949,0.2005,12.8148,15
forex,AUDUSD,376,10,0.4894,0.9763,6,0.1137,0.5422,0.5132,1.0509,0.5887,0.7024,0.2763,0.8185,0.0,0.0008,-1.962,-0.5629,0.6869,0.8944,-0.8354,-0.3692,0,0,0.3455,0.2,0.5207,0.7295,0.2343,0.4512,0.2005,1.8735,15
forex,EURGBP,378,10,0.4735,0.9735,6,0.0986,0.507,0.4726,0.7244,0.5602,0.6588,0.2582,0.7652,0.0008,0.0001,-1.253,-1.5094,0.7697,0.7154,-0.4666,-1.0463,0,0,0.7212,0.3576,0.8273,0.7429,0.3629,0.5447,0.2005,9.0092,15
forex,EURUSD,364,10,0.5522,0.9871,6,0.1177,0.5839,0.1177,1.1299,0.577,0.6948,0.2839,0.8678,0.5551,0.1793,0.6141,0.0031,1.1272,1.0006,0.6141,0.3485,1,0,0.1758,0.103,-0.2384,0.761,0.2162,0.4223,0.2005,0.8693,15
forex,GBPUSD,391,10,0.4808,0.9814,6,0.0992,0.5322,0.0992,0.5322,0.5731,0.6723,0.2654,0.7975,0.1554,0.2402,-0.2495,-0.073,0.9492,0.984,-0.2495,-0.073,1,1,0.7455,0.0788,0.8281,0.4276,0.24,0.6424,0.2005,2.1907,15
forex,NZDUSD,344,10,0.5174,0.9832,6,0.1153,0.5033,0.1385,0.5033,0.5653,0.6805,0.2782,0.7815,0.0729,0.0506,-0.4864,-0.5893,0.9048,0.8868,-0.4385,-0.5893,0,1,0.7818,-0.0788,0.8093,0.5876,0.2648,0.6121,0.2005,3.5649,15
forex,USDCHF,336,10,0.4732,0.9852,6,0.1105,0.5388,0.1105,0.8012,0.5632,0.6737,0.2898,0.8287,0.0029,0.0,-0.9183,-1.9731,0.8154,0.6432,-0.9183,-1.734,1,0,0.8182,-0.2364,0.5124,0.5448,0.2419,0.5526,0.2005,2.2964,15
forex,USDCAD,387,10,0.4755,0.9774,6,0.1125,0.5465,0.1329,0.7729,0.5954,0.7079,0.2853,0.8318,0.0007,0.0001,-1.2566,-1.6726,0.7723,0.7059,-0.7708,-0.9278,0,0,0.6121,-0.1152,0.1568,0.281,0.2619,0.3488,0.2005,3.4064,15
forex,USDJPY,344,10,0.4797,0.9774,6,0.113,0.4917,0.4857,0.7164,0.5578,0.6708,0.2694,0.7611,0.6523,0.9201,0.6875,1.2733,1.1662,1.3724,1.5667,1.3668,0,0,0.2485,0.0061,-0.037,0.4829,0.339,0.4659,0.2005,7.6878,15
