market,instrument,feature,n_oos,sharpe,mean,skew,kurt
crypto,BTCUSDT,sadf,5934,0.018490366885276183,0.0004963788954951915,0.009725145215938109,3.9983947758745706
crypto,BTCUSDT,ent_shannon,5896,-0.01570255957185292,-0.0004207461618001705,-0.018168124045212817,3.9796336783962487
crypto,BTCUSDT,ent_lz,5896,-0.018642522756842268,-0.0004996706438903417,0.0835401969545923,3.985488920697042
crypto,BTCUSDT,ent_konto,5896,0.0034264397086966186,9.183094271128164e-05,-0.032801400103281024,3.9837101452073247
crypto,ETHUSDT,sadf,5934,0.03065891032964252,0.0010306343194495188,-0.1650697296869977,5.002365958212576
crypto,ETHUSDT,ent_shannon,5896,-0.018774878247619052,-0.0006243049704161586,0.10509209110935362,4.993311335374102
crypto,ETHUSDT,ent_lz,5896,0.009996351758749564,0.00033246434886406267,0.0862725290028329,4.97177751853253
crypto,ETHUSDT,ent_konto,5896,-0.03724559785898959,-0.0012378748920130911,-0.11018095855144375,4.97124735566991
crypto,SOLUSDT,sadf,5935,-0.036583934927551985,-0.001957767955531642,-0.3057650747143098,8.677839985018034
crypto,SOLUSDT,ent_shannon,5897,-0.06079116316268974,-0.003233398611141938,-0.3850453021263167,8.772357036163582
crypto,SOLUSDT,ent_lz,5897,0.0212058042678001,0.001129750897598866,-0.027224629734762345,8.83123835862339
crypto,SOLUSDT,ent_konto,5897,-0.015177870644529341,-0.0008087319232647464,0.044893969711641425,8.827866941798074
crypto,XRPUSDT,sadf,5934,0.02171164323399,0.000883177867604981,-0.09750758489751807,5.8929660579205665
crypto,XRPUSDT,ent_shannon,5896,-0.04403940484694031,-0.0017768514650315598,0.12604934577295432,5.987225337049223
crypto,XRPUSDT,ent_lz,5896,0.009531211931543016,0.0003848616358985263,0.04020815615118392,5.953579732275271
crypto,XRPUSDT,ent_konto,5896,-0.0373946578327517,-0.0015090703096930654,0.08003151737314447,5.970342647582988
crypto,DOGEUSDT,sadf,5935,0.02996935128690948,0.001448845316035777,-0.31287058744380847,5.473078651574718
crypto,DOGEUSDT,ent_shannon,5897,-0.05070513894899917,-0.0024406823312257634,-0.36769562138947787,5.410966901481358
crypto,DOGEUSDT,ent_lz,5897,0.021080566595375466,0.001015909009347992,0.2951873564007163,5.44919684186483
crypto,DOGEUSDT,ent_konto,5897,-0.0349083033446454,-0.0016816517363645144,-0.364685587212915,5.426167464743896
crypto,BNBUSDT,sadf,5935,0.02939634464697329,0.0009243398177264723,-0.07891058783936689,4.695293769310993
crypto,BNBUSDT,ent_shannon,5897,0.02134925453293882,0.0006719022300242084,-0.006364689745884655,4.695378447947588
crypto,BNBUSDT,ent_lz,5897,0.009512907036831837,0.000299456186435859,0.1386358496206511,4.6862119440288135
crypto,BNBUSDT,ent_konto,5897,0.010983997460783077,0.00034577489692636914,0.026454338780507503,4.6914956059192265
crypto,LINKUSDT,sadf,5934,0.011278675897088855,0.0005206773798845516,0.2240326879107873,4.5496700870814095
crypto,LINKUSDT,ent_shannon,5896,0.023144657969938268,0.0010681334353996907,-0.012628596112759169,4.575095566509724
crypto,LINKUSDT,ent_lz,5896,-0.041101332821705264,-0.0018959818450908668,-0.1673955819377863,4.54996202505549
crypto,LINKUSDT,ent_konto,5896,-0.03633148840174021,-0.0016761930693819625,-0.08285728035212742,4.562700808027782
crypto,AVAXUSDT,sadf,5934,-0.03319166140838145,-0.0017093383612057141,-0.13326597468147247,4.119531760950249
crypto,AVAXUSDT,ent_shannon,5896,0.048709836028406596,0.002507794392463122,-0.010206214422518152,4.154138964682372
crypto,AVAXUSDT,ent_lz,5896,-0.021076558438917783,-0.001086284686882004,-0.12374593326286842,4.137021736321396
crypto,AVAXUSDT,ent_konto,5896,0.02935207186020065,0.0015123954098219023,0.03488969991486122,4.145125542215282
crypto,LTCUSDT,sadf,5935,-0.012972600644058275,-0.0004974728269734411,-0.120909694831829,5.639990551150151
crypto,LTCUSDT,ent_shannon,5897,0.04828032579165146,0.0018511979217386656,0.17165092571578836,5.635306690636934
crypto,LTCUSDT,ent_lz,5897,0.01268052563857764,0.000486846997635793,0.2090761589224688,5.646306172631141
crypto,LTCUSDT,ent_konto,5897,-0.024860466183441607,-0.0009541615397122404,-0.12040183104669137,5.647126162565486
crypto,ATOMUSDT,sadf,5935,0.01956590523569664,0.0009059065123146555,0.19517452814179356,4.568033115683558
crypto,ATOMUSDT,ent_shannon,5897,-0.06062632095799992,-0.00280914852900456,-0.08541334736361905,4.559546806804393
crypto,ATOMUSDT,ent_lz,5897,-0.003312487434977771,-0.00015376575546622746,-0.00727295827964407,4.573246310547813
crypto,ATOMUSDT,ent_konto,5897,-0.05543397258650089,-0.002569626566302593,-0.11136539746149142,4.5521954210410485
crypto,BCHUSDT,sadf,5930,0.02736279167616865,0.001138417429236963,0.17214517414618752,6.078729239485854
crypto,BCHUSDT,ent_shannon,5892,-0.011519087173312155,-0.0004779570581678027,0.015148958493637413,6.118537348138351
crypto,BCHUSDT,ent_lz,5892,-0.0342375915067065,-0.0014200016414506462,-0.09411687211026767,6.108060202918917
crypto,BCHUSDT,ent_konto,5892,0.01323887340412737,0.0005493454140677143,0.06779522383454764,6.109694909605894
crypto,DOTUSDT,sadf,5934,0.03762523546327499,0.0016240629630678801,-0.0649582034660934,4.333526688929113
crypto,DOTUSDT,ent_shannon,5896,0.0339982975747392,0.0014697206882790905,0.03338265913478794,4.315519881712836
crypto,DOTUSDT,ent_lz,5896,0.04920829745803511,0.002125661426547675,0.10139678320501382,4.302311031287769
crypto,DOTUSDT,ent_konto,5896,-0.04111284557143167,-0.0017765909137733072,-0.18021584377281416,4.29264256039296
equities,SPY,sadf,5934,-0.02906778401773227,-0.0006691384146494562,-0.02654502318912046,6.216286823185136
equities,SPY,ent_shannon,5896,-0.025374070942234817,-0.0005840453065014596,-0.07467887169862246,6.2027063179255695
equities,SPY,ent_lz,5896,-0.021110715920778594,-0.00048747942241205724,0.1517262961843909,6.3395166746535025
equities,SPY,ent_konto,5896,0.031309353931313066,0.0007213736719041787,0.32126512637576904,6.1491472222668575
equities,QQQ,sadf,5935,-0.040148112777767954,-0.0010508627598217757,-0.1762852153140871,5.268839792532499
equities,QQQ,ent_shannon,5897,0.03371104184839393,0.0008827478814492133,-0.05466919519158835,5.33817762960928
equities,QQQ,ent_lz,5897,-0.025358057574673205,-0.0006679003336418711,-0.0603722926342166,5.321124299514849
equities,QQQ,ent_konto,5897,0.026060770009698645,0.0006839724380764061,-0.12658450767542348,5.41592502920252
equities,IWM,sadf,5934,-0.07037474312293068,-0.002116607374165013,-0.016886009752299085,6.017178771372303
equities,IWM,ent_shannon,5896,-0.02791531198135515,-0.0008425280065103247,-0.3242259724874144,5.989792038256644
equities,IWM,ent_lz,5896,0.0022600117340072553,6.846616622176554e-05,0.18016160936752093,5.977516211899699
equities,IWM,ent_konto,5896,-0.05109465092762457,-0.0015408532515827644,-0.19535902364614885,5.9520626660474125
equities,XLK,sadf,5934,-0.04977472544788024,-0.00162642646151156,-7.218125516516231,156.05180567957945
equities,XLK,ent_shannon,5896,-0.05452261654276888,-0.0017184915074539302,-8.31456403366111,178.79254509365748
equities,XLK,ent_lz,5896,-0.0841281161861717,-0.00266881427793416,-8.118594663981415,173.33689019512303
equities,XLK,ent_konto,5896,-0.025209213945829263,-0.0007960935576864254,-8.255212161499461,178.42192219985853
equities,XLF,sadf,5934,-0.07971530670544263,-0.0029337602696263556,0.04093098473258997,8.749595144184124
equities,XLF,ent_shannon,5896,-0.01962361933212297,-0.0007204244837864334,-0.17947158021709148,8.787114766478794
equities,XLF,ent_lz,5896,-0.17061599054538143,-0.006429301007191811,-0.0063805948122923365,8.71049788952649
equities,XLF,ent_konto,5896,-0.029622021748447316,-0.0010899601470558216,0.05313376611920259,8.820541742077353
equities,XLE,sadf,5935,-0.042539876782045245,-0.0018077010196273773,-3.7049633763267353,61.31655989295178
equities,XLE,ent_shannon,5897,-0.02482830983169053,-0.0010557419535947607,-3.7287999559657004,61.828742840720345
equities,XLE,ent_lz,5897,-0.016380889050137994,-0.000698651940634223,-3.5057294820991047,61.787710300074394
equities,XLE,ent_konto,5897,-0.0487894477644164,-0.0020739127926086834,-3.2547325576849664,61.63907421082872
equities,XLV,sadf,5935,-0.008373880993517175,-0.00016433041525434758,-0.058782861568844526,10.344573140894125
equities,XLV,ent_shannon,5897,-0.045361962550488535,-0.0008426778683763131,-0.052657035126785996,4.95624267622328
equities,XLV,ent_lz,5897,-0.06651442896648983,-0.0012528034772587764,-0.22862110954771223,5.080227140140263
equities,XLV,ent_konto,5897,-0.04971469461872973,-0.0009268381746005735,-0.16264755039708856,4.9174432456475685
forex,EURUSD,sadf,5934,0.011225545473123938,4.553456672742327e-05,-0.0973870473540291,4.028471759368081
forex,EURUSD,ent_shannon,5896,0.02528486335978868,0.00010255220377075448,0.12653842914650143,4.01300277644745
forex,EURUSD,ent_lz,5896,0.024738036170635386,0.00010033794888106657,-0.012306993590165877,4.026319649315475
forex,EURUSD,ent_konto,5896,-0.0398115121360027,-0.00016139808116984492,-0.09419457996052195,4.013505207031334
forex,GBPUSD,sadf,5934,0.01807833372341904,8.557935430298492e-05,0.3180799940464671,6.063852650677864
forex,GBPUSD,ent_shannon,5896,0.032270242701893506,0.00015293009924488994,0.3291996886373207,6.048778590497718
forex,GBPUSD,ent_lz,5896,-0.03947046648763963,-0.00018700623300504113,-0.36030604141705835,6.040984314539594
forex,GBPUSD,ent_konto,5896,0.026117902382722442,0.00012378971711092806,0.38992093591761917,6.04744916843202
forex,USDJPY,sadf,5934,0.033392002061136176,0.00018235247105249662,0.17910107141019974,5.5504005278259845
forex,USDJPY,ent_shannon,5896,0.06272214580882506,0.00034256067563417545,0.16064816585115932,5.54572069233074
forex,USDJPY,ent_lz,5896,-0.004801753165477641,-2.6276966281632407e-05,-0.18152087062921826,5.562901629421515
forex,USDJPY,ent_konto,5896,0.04426788963234944,0.00024202378392096494,0.10766367973079922,5.556746954795213
forex,USDCHF,sadf,5934,-0.028665596022386736,-0.00011804013365417604,-0.030948449522952774,4.242601851715007
forex,USDCHF,ent_shannon,5896,0.052587995252814254,0.00021619074404206014,-0.009715318521281165,4.267190871991713
forex,USDCHF,ent_lz,5896,0.020482726454403223,8.429751590873373e-05,-0.055612356803648816,4.267131336767073
forex,USDCHF,ent_konto,5896,0.04267324496629759,0.00017550517945110982,0.1742009262140454,4.229639654452966
forex,USDCAD,sadf,5935,-0.004581130312927806,-1.5361226178994368e-05,0.06747729681320136,4.090633194868448
forex,USDCAD,ent_shannon,5897,0.020649365457431724,6.92267692332544e-05,0.07693962606782598,4.089127762362504
forex,USDCAD,ent_lz,5897,0.042321194619117423,0.00014178865989195893,-0.014208248093603756,4.1017571168305995
forex,USDCAD,ent_konto,5897,-0.0631368556770203,-0.0002113173257750654,-0.15027317408614596,4.065511570816021
forex,AUDUSD,sadf,5935,-0.024454539624946956,-0.00013794437302120906,-0.030105072018631326,3.623363117606078
forex,AUDUSD,ent_shannon,5897,-0.1176239118802827,-0.0006595647193796312,-0.028106809871300025,3.6355344467357043
forex,AUDUSD,ent_lz,5897,-0.035812407188909906,-0.00020204687776461964,-0.03827546049594945,3.6256961102712593
forex,AUDUSD,ent_konto,5897,0.017037172364572438,9.618327732278421e-05,-0.03110582983214667,3.6324384746233878
forex,NZDUSD,sadf,5934,0.04213004448202863,0.0002391458106915034,0.04294251042934723,3.6502553994494487
forex,NZDUSD,ent_shannon,5896,0.022781384326617506,0.00012959114563806275,-0.019410446858683518,3.6525913835855213
forex,NZDUSD,ent_lz,5896,-0.04278642053784481,-0.00024318741130655917,-0.056579151532637394,3.644309034097768
forex,NZDUSD,ent_konto,5896,0.0027715339257596743,1.5766687744412816e-05,0.046098425812664275,3.650345855819046
forex,EURGBP,sadf,5935,-0.04400436787997801,-0.00013327536043839064,-0.29643937137625037,7.1119539991329646
forex,EURGBP,ent_shannon,5897,0.03782400010105981,0.00011454811534710382,0.28757409902217873,7.152541437557347
forex,EURGBP,ent_lz,5897,-0.018781426838748172,-5.690873987554478e-05,-0.1567274436968613,7.170912041860732
forex,EURGBP,ent_konto,5897,0.01668518810624036,5.0563680742319363e-05,0.34396901443343947,7.165138216998893
