instrument,rule,n_oos,sharpe,skew,kurt
BTCUSDT,R_expl_dir,5896,0.028732893160663252,-0.13421260175915642,24.71558726054022
BTCUSDT,R_loent_dir,5896,-0.03141617598301468,-0.05503045353852921,8.569336483295839
BTCUSDT,R_hient_dir,5896,0.028611590259740215,-0.13885587961625728,7.467797453255455
ETHUSDT,R_expl_dir,5896,0.01818898270731321,-0.9909836407724248,36.21234989832976
ETHUSDT,R_loent_dir,5896,-0.04815073723574162,-0.5575121132437026,11.833759130404761
ETHUSDT,R_hient_dir,5896,0.010053047505147555,-0.30997183078602975,8.443363375373396
SOLUSDT,R_expl_dir,5897,-0.030300270794995848,-1.4574051943050006,57.78237126867138
SOLUSDT,R_loent_dir,5897,-0.0680373624714849,-1.1175934593274242,20.192799542566302
SOLUSDT,R_hient_dir,5897,-0.02282697029225006,-0.06133494980521421,11.812256651466011
XRPUSDT,R_expl_dir,5896,-0.018800434643162736,-1.2407333133215082,45.34603849064471
XRPUSDT,R_loent_dir,5896,-0.026751301360194848,-0.15719160181904235,14.796155694610565
XRPUSDT,R_hient_dir,5896,-0.06555615089278953,-0.6263014230278496,9.47707714698139
DOGEUSDT,R_expl_dir,5897,0.030230104706797326,-1.4079795413483382,41.77436909479148
DOGEUSDT,R_loent_dir,5897,-0.03733140541618664,-0.9633558465020845,14.529078098631713
DOGEUSDT,R_hient_dir,5897,-0.03988858252532363,-0.16856351685749796,7.291446269943162
BNBUSDT,R_expl_dir,5897,-0.0023137524875940243,-0.46267711039632253,32.965491234705325
BNBUSDT,R_loent_dir,5897,-0.05357640699191832,-0.4001916782700218,9.42999125794876
BNBUSDT,R_hient_dir,5897,0.02505954594931306,-0.14824321908415697,8.48962098323913
LINKUSDT,R_expl_dir,5896,0.0131978502583142,-0.7526562997161105,35.568712008432286
LINKUSDT,R_loent_dir,5896,0.014386004974100784,-0.4141631695760473,10.256716083524653
LINKUSDT,R_hient_dir,5896,0.01834184866411065,0.4821632967153304,8.024329706892553
AVAXUSDT,R_expl_dir,5896,-0.026177216995210126,-1.303017415375666,29.930589047280215
AVAXUSDT,R_loent_dir,5896,0.023205074887217857,-0.2199564387034721,9.063389007561735
AVAXUSDT,R_hient_dir,5896,0.04560803550221168,0.39904650619743604,7.508122749278008
LTCUSDT,R_expl_dir,5897,-0.027497155520335353,-0.5089774420878631,52.82860386311092
LTCUSDT,R_loent_dir,5897,0.041677854342762145,1.2714423187602963,15.064910482633312
LTCUSDT,R_hient_dir,5897,0.027619377876183262,-0.27608769060558647,8.72196452953016
ATOMUSDT,R_expl_dir,5897,0.012888353644881199,0.15356421951880594,36.00617469182436
ATOMUSDT,R_loent_dir,5897,0.027376600714785416,0.4210886424589058,10.189847022650769
ATOMUSDT,R_hient_dir,5897,0.018758215564420463,0.028591401839620965,8.070402022460025
BCHUSDT,R_expl_dir,5892,0.013281733103290153,-1.1190686471715814,56.22498433954022
BCHUSDT,R_loent_dir,5892,-0.03146249471569326,-0.31010651537184525,15.343654646262687
BCHUSDT,R_hient_dir,5892,-0.0444034482964487,-0.11340850505718075,10.044403678286049
DOTUSDT,R_expl_dir,5896,-0.02640807744500991,-0.6301275609160317,36.73154990956586
DOTUSDT,R_loent_dir,5896,-0.05287468556765553,-0.44839595342734156,11.860760869646828
DOTUSDT,R_hient_dir,5896,0.04121758124074419,0.28390730019635557,6.238737510222182
SPY,R_expl_dir,5896,0.024063665785608968,1.4765018808000927,81.11777172611094
SPY,R_loent_dir,5896,0.01978943704567875,-0.14201865242978043,18.335386228311627
SPY,R_hient_dir,5896,0.05483712264501388,-0.4276437314372286,7.619997119853001
QQQ,R_expl_dir,5897,0.02721854567001151,-0.26957371362235355,48.256686725752104
QQQ,R_loent_dir,5897,0.031731360620517325,-0.1959146754379849,12.766526167541729
QQQ,R_hient_dir,5897,0.0798574177168239,-0.1219939563207217,9.250127259131984
IWM,R_expl_dir,5896,0.02193933349806995,0.1404472282284722,68.96950440850743
IWM,R_loent_dir,5896,0.01368810572159361,-0.6607917524406003,14.329503027931718
IWM,R_hient_dir,5896,0.0175811806336834,-0.045187456334222866,8.994050108016518
XLK,R_expl_dir,5896,0.04204976588656354,1.8638886975845068,42.4707886612531
XLK,R_loent_dir,5896,0.05345039389792372,-0.3513774588313491,9.239609149354289
XLK,R_hient_dir,5896,0.02913785024036721,-12.540655106589004,311.45274569165144
XLF,R_expl_dir,5896,-0.010747588061957969,2.9976116633576475,91.46099730265705
XLF,R_loent_dir,5896,-0.04840042509946018,-0.08981127224675056,17.363760180189026
XLF,R_hient_dir,5896,-0.00814967420949396,-0.7769826367265503,14.609957638041754
XLE,R_expl_dir,5897,-0.01932858766650579,-3.860115953767187,94.82699625364181
XLE,R_loent_dir,5897,-0.03182241695072552,-1.1930471874366486,23.150406676267075
XLE,R_hient_dir,5897,-0.032341584911712726,-6.617937980469059,137.9080338408487
XLV,R_expl_dir,5897,0.010018022929131218,2.0158047026365797,60.07224787846727
XLV,R_loent_dir,5897,0.017754640445733893,-0.28562221522743236,10.613178556209185
XLV,R_hient_dir,5897,0.057818481861526896,0.22877894891956,9.222103272221366
EURUSD,R_expl_dir,5896,0.021973894518416227,0.6997236412680519,26.657453224516434
EURUSD,R_loent_dir,5896,-0.021119542090335078,0.13365813323174822,9.606995941434182
EURUSD,R_hient_dir,5896,-0.0338721235972317,-0.07823486543230895,6.704556796569841
GBPUSD,R_expl_dir,5896,0.01459773174449398,3.2577268980587193,87.84234495571705
GBPUSD,R_loent_dir,5896,0.030680517228375313,0.7340980119418004,15.306988776200296
GBPUSD,R_hient_dir,5896,-0.020107935974371723,0.08303334246161596,8.134767842836784
USDJPY,R_expl_dir,5896,-0.040747647483791845,-2.1673695498933827,33.35846814285999
USDJPY,R_loent_dir,5896,0.0872762717495124,-0.17932423489193042,13.951623799755495
USDJPY,R_hient_dir,5896,-0.03554955797235082,-0.4790761164156725,9.310331325354813
USDCHF,R_expl_dir,5896,-0.03961279521519367,-1.3248624380357297,28.024872383472655
USDCHF,R_loent_dir,5896,0.04210198766965706,0.5972287115320037,10.002728151129858
USDCHF,R_hient_dir,5896,0.03240520379992798,-0.34313092822628344,7.195277057290951
USDCAD,R_expl_dir,5897,0.019264821533334663,0.2896068271338535,33.53682014405154
USDCAD,R_loent_dir,5897,0.04146325706731798,0.44964026547692226,9.049843438460538
USDCAD,R_hient_dir,5897,0.00590851161505674,-0.0012588976101213841,7.36553881268066
AUDUSD,R_expl_dir,5897,-0.040857311386512316,-1.640596538965842,41.60741235559073
AUDUSD,R_loent_dir,5897,-0.018734117184380103,0.15303910153163416,7.7965828774162445
AUDUSD,R_hient_dir,5897,-0.06241649355982786,-0.356693259113058,6.742286311079871
NZDUSD,R_expl_dir,5896,0.04289086533700631,1.4389505207681814,40.254102605811326
NZDUSD,R_loent_dir,5896,0.037397906681907456,0.05261185655510498,7.785783244840717
NZDUSD,R_hient_dir,5896,-0.042833850435498734,-0.1296658443280548,6.833773363145216
EURGBP,R_expl_dir,5897,-0.05738277622995821,-6.721207518465257,172.88880014509104
EURGBP,R_loent_dir,5897,0.02593055166893847,1.4388039092095966,22.457312872338345
EURGBP,R_hient_dir,5897,0.027536826890509476,-0.1867271955797827,8.886250642600789
