market,name,n_trials,med_lstar,frac_act_tb,tb_pt_rate,tb_vert_rate,ts_prec,fx_prec,tb_prec,base_ts,ts_pf,fx_pf,tb_pf,ts_sr_ann,fx_sr_ann,tb_sr_ann,ts_dsr,fx_dsr,tb_dsr,ts_pbo,fx_pbo,tb_pbo
crypto,1000SHIBUSDT,9,100.0,0.9746,0.7024,0.0003,0.6191,0.6264,0.5851,0.518,1.6976,1.9415,1.9257,11.0381,15.9578,14.3781,1.0,1.0,1.0,0.4571,0.1286,0.1
crypto,AAVEUSDT,9,54.0,0.9621,0.7014,0.0002,0.5529,0.522,0.7036,0.5635,0.9942,1.1751,1.3143,-0.0805,2.4646,4.0534,0.0052,0.8568,0.9909,0.9714,0.8714,0.5714
crypto,ALGOUSDT,9,23.0,0.968,0.7014,0.0004,0.5492,0.5385,0.8037,0.5158,1.258,1.0751,1.1146,4.1638,1.8362,2.6653,0.3763,0.0,0.0001,0.4714,0.7143,0.4571
crypto,APEUSDT,9,107.0,0.9842,0.7025,0.0003,0.5297,0.5299,0.5677,0.5518,1.2244,1.4799,1.5234,3.1255,8.4203,8.9234,0.7286,1.0,1.0,0.7714,0.1571,0.0714
crypto,APTUSDT,9,52.0,0.9775,0.692,0.0006,0.5628,0.5613,0.6782,0.5328,1.3571,1.6168,1.8373,4.877,8.3781,9.9265,0.0,0.5081,0.7524,0.4429,0.1429,0.2571
crypto,ARBUSDT,9,23.0,0.948,0.6835,0.0007,0.515,0.5337,0.7891,0.517,1.2052,1.0479,1.0472,3.2441,1.2104,1.4332,0.0186,0.0,0.0,0.5857,0.8286,0.9286
crypto,ATOMUSDT,9,102.0,0.9565,0.6996,0.0007,0.5627,0.5787,0.5747,0.5868,1.4338,1.3498,1.1376,7.3283,6.9081,2.8563,1.0,0.9977,0.0008,0.7,0.4143,1.0
crypto,AVAXUSDT,9,109.0,0.9464,0.6803,0.0004,0.6466,0.6466,0.5522,0.5295,3.0639,2.8962,2.3721,16.3266,16.158,13.2233,1.0,1.0,1.0,0.0,0.0429,0.2429
crypto,BCHUSDT,9,102.0,0.9516,0.6935,0.0005,0.486,0.4955,0.587,0.5763,1.0054,0.9054,0.9548,0.0515,-1.9529,-0.6065,0.0,0.0,0.0,0.6429,0.5,0.5143
crypto,BNBUSDT,9,107.0,0.9465,0.7003,0.0006,0.5321,0.5371,0.5517,0.6027,1.2098,1.1236,1.6292,3.7353,2.8263,8.5366,0.0,0.0,1.0,0.4143,0.8571,0.1143
crypto,BTCUSDT,9,99.0,0.9902,0.7075,0.0001,0.5528,0.5567,0.5838,0.5629,1.1563,1.129,1.1311,2.0693,3.068,3.0805,0.0,0.0004,0.0,0.7286,0.6143,0.9286
crypto,DOGEUSDT,9,25.0,0.9578,0.6915,0.0004,0.5777,0.5787,0.8779,0.558,1.6444,1.3891,1.4096,6.0516,4.884,5.0407,0.0012,0.0,0.0,0.4571,0.2571,0.3429
crypto,DOTUSDT,9,49.0,0.9542,0.6914,0.0005,0.5359,0.5475,0.6476,0.5019,1.4296,1.3877,1.3541,6.3991,8.38,7.3588,1.0,1.0,0.998,0.4571,0.3143,0.3429
crypto,ETCUSDT,9,101.0,0.9791,0.6975,0.0005,0.5772,0.5675,0.58,0.5332,2.4191,1.6771,2.0393,13.4681,10.7055,12.6165,1.0,1.0,1.0,0.0571,0.1143,0.0857
crypto,ETHUSDT,9,54.0,0.9819,0.6923,0.0002,0.5231,0.5272,0.6856,0.5865,0.8828,0.9418,0.9333,-1.817,-0.9627,-1.0992,0.0,0.0,0.0,0.8143,0.6,0.6571
crypto,HBARUSDT,9,108.0,0.9779,0.7174,0.0006,0.495,0.5473,0.5967,0.5962,1.3892,1.0209,1.1506,4.4224,0.334,1.9391,0.0,0.0,0.0,0.2714,0.5571,0.5714
crypto,ICPUSDT,9,102.0,0.966,0.6953,0.0001,0.5028,0.5295,0.5762,0.5377,1.7927,1.1399,1.1111,6.67,3.3521,2.5948,1.0,0.7024,0.9562,0.2429,0.5429,0.8571
crypto,LINKUSDT,9,50.0,0.9376,0.6772,0.0006,0.4997,0.522,0.6412,0.5023,1.1767,1.0008,0.9848,3.3222,0.0205,-0.376,0.007,0.0,0.0,0.3714,0.4,0.1429
crypto,LTCUSDT,9,52.0,0.9433,0.6741,0.0006,0.5811,0.5655,0.6366,0.562,1.005,1.139,1.2859,0.0556,2.6655,3.4278,0.0,0.0183,0.269,0.9143,0.3,0.4429
crypto,NEARUSDT,9,50.0,0.9752,0.7074,0.0007,0.5653,0.5581,0.6729,0.5292,1.3538,1.4017,1.3957,6.1214,8.555,8.2614,1.0,1.0,1.0,0.8143,0.4143,0.3714
crypto,SOLUSDT,9,106.0,0.9601,0.6897,0.0002,0.688,0.6916,0.5361,0.6441,3.3745,3.3119,2.8565,16.4355,17.5702,10.2196,1.0,1.0,1.0,0.0857,0.0286,0.1857
crypto,SUIUSDT,9,99.0,0.9617,0.6881,0.0002,0.594,0.6223,0.5445,0.6239,2.3139,2.5159,1.7845,15.3449,17.9689,11.5707,1.0,1.0,0.2807,0.0714,0.0143,0.2429
crypto,TRXUSDT,9,99.0,0.9813,0.7119,0.0004,0.499,0.5293,0.5882,0.5681,0.8164,0.9637,1.0447,-3.6011,-0.9163,1.0222,0.0,0.0,0.0,0.5143,0.6143,0.4429
crypto,UNIUSDT,9,51.0,0.9755,0.6983,0.0003,0.5519,0.536,0.6814,0.5068,1.4272,1.2163,1.1979,6.9417,3.0151,3.7356,1.0,0.0,0.0,0.6857,0.5286,0.3714
crypto,XLMUSDT,9,105.0,0.9759,0.7047,0.0007,0.4083,0.506,0.5933,0.6143,1.3169,1.0577,0.9339,3.4661,0.7836,-0.8151,0.0035,0.0,0.0,0.4143,0.4143,0.5286
crypto,XRPUSDT,9,98.0,0.9589,0.683,0.0013,0.5534,0.5757,0.5628,0.5576,1.9709,1.6268,1.6806,7.1022,10.0738,8.3888,1.0,1.0,1.0,0.5143,0.0857,0.2429
crypto,ZECUSDT,9,105.0,0.9883,0.7297,0.001,0.5916,0.6009,0.5983,0.539,1.7482,1.8097,1.7125,10.3611,12.743,11.7942,1.0,1.0,1.0,0.1857,0.0,0.0143
equities,IWM,9,99.0,0.9244,0.6306,0.0002,0.5784,0.5997,0.5353,0.6191,1.021,1.1397,1.0762,0.1172,0.6562,0.4067,0.0,0.0,0.0,0.4143,0.0857,0.3286
equities,QQQ,9,109.0,0.761,0.5864,0.0001,0.8486,0.8486,0.5997,0.8556,4.8612,4.8959,7.6855,8.8339,8.9012,9.2706,1.0,1.0,1.0,0.0571,0.0143,0.1286
equities,SPY,9,111.0,0.8322,0.6066,0.0004,0.8067,0.8062,0.5765,0.8117,3.0081,2.7858,2.6935,6.332,6.017,5.0952,1.0,1.0,1.0,0.1429,0.0429,0.0857
equities,XLE,9,53.0,0.9728,0.6803,0.0045,0.5966,0.5971,0.6871,0.6247,0.8662,0.8462,0.7712,-0.6275,-0.8732,-1.2075,0.0,0.0,0.0,0.2286,0.2714,0.3143
equities,XLF,9,96.0,0.9278,0.6685,0.0015,0.6896,0.689,0.5391,0.7138,0.8313,0.6593,0.9604,-1.0338,-2.3042,-0.2251,0.0,0.0,0.0,0.0,0.0,0.0
equities,XLK,9,103.0,0.9536,0.6685,0.0062,0.857,0.8595,0.5255,0.8621,4.8473,4.3288,5.7616,9.0633,8.7247,8.6816,1.0,1.0,1.0,0.0,0.0,0.0
equities,XLV,9,102.0,0.9786,0.6862,0.0012,0.7307,0.7271,0.5594,0.7327,1.8867,1.8626,2.1732,4.0295,3.94,4.2653,0.3404,0.0044,0.0947,0.0143,0.0286,0.0
forex,AUDUSD,9,100.5,0.9754,0.7145,0.0008,0.5623,0.5603,0.5646,0.5406,2.0806,1.6882,1.591,10.9078,8.6417,9.56,1.0,1.0,1.0,0.1286,0.2286,0.1143
forex,EURGBP,9,110.0,0.9791,0.6995,0.0016,0.5472,0.5742,0.6123,0.6492,1.1555,1.1108,1.2432,2.0678,2.3722,3.3402,0.0646,0.0002,0.0358,0.8143,0.5286,0.4714
forex,EURUSD,9,108.0,0.9736,0.7204,0.0014,0.5649,0.5649,0.5952,0.6209,1.2825,1.2753,1.3432,3.5833,3.873,4.3398,0.0,0.0053,0.0,0.1143,0.2286,0.1
forex,GBPUSD,9,101.0,0.9817,0.71,0.0009,0.5348,0.5318,0.5731,0.5117,0.9815,1.1982,1.1372,-0.3671,4.4084,2.6902,0.0,0.0,0.0,0.4,0.5714,0.5571
forex,NZDUSD,9,55.0,0.9655,0.6985,0.0007,0.5159,0.5634,0.6876,0.5926,1.9897,1.4635,1.3773,11.6237,6.2892,5.069,1.0,0.5064,0.003,0.5714,0.2857,0.2571
forex,USDCAD,9,107.0,0.9704,0.7193,0.001,0.6177,0.5569,0.5816,0.537,1.916,1.7182,1.8053,9.3031,12.0043,10.6387,0.7056,1.0,0.9971,0.0143,0.0143,0.0571
forex,USDCHF,9,105.0,0.9696,0.7014,0.0019,0.5293,0.5382,0.5802,0.5277,1.3519,1.5642,1.4924,6.6821,10.3537,8.8711,0.9998,1.0,1.0,0.6143,0.2,0.4429
forex,USDJPY,9,26.0,0.9844,0.7308,0.0018,0.6701,0.6634,0.887,0.7013,1.5658,1.5308,2.0049,11.2799,11.1266,10.6036,1.0,1.0,1.0,0.5429,0.4857,0.4143
